<?xml version="1.0" encoding="UTF-8"?>
<export version="D">
  <design>
    <source>C:/Users/Tyler/OneDrive/Contracting/Swing Forge V2/SwingForge-Electronics/Mainboard/Swing Forge V2 Mainboard.sch</source>
    <date>8/17/2016 1:48:07 PM</date>
    <tool>Eeschema 4.0.1-stable</tool>
    <sheet number="1" name="/" tstamps="/">
      <title_block>
        <title>Swing Forge</title>
        <company/>
        <rev>3.2</rev>
        <date>2016-06-24</date>
        <source>Swing Forge V2 Mainboard.sch</source>
        <comment number="1" value=""/>
        <comment number="2" value=""/>
        <comment number="3" value=""/>
        <comment number="4" value=""/>
      </title_block>
    </sheet>
    <sheet number="2" name="/Lipo_System/" tstamps="/56BC1D0A/">
      <title_block>
        <title>Swing Forge</title>
        <company/>
        <rev>3.2</rev>
        <date>2016-06-24</date>
        <source>Lipo_System.sch</source>
        <comment number="1" value=""/>
        <comment number="2" value=""/>
        <comment number="3" value=""/>
        <comment number="4" value=""/>
      </title_block>
    </sheet>
    <sheet number="3" name="/DAC_audio_system/" tstamps="/56BBF7C1/">
      <title_block>
        <title>Swing Forge</title>
        <company/>
        <rev>3.2</rev>
        <date>2016-06-24</date>
        <source>DAC_audio_system.sch</source>
        <comment number="1" value=""/>
        <comment number="2" value=""/>
        <comment number="3" value=""/>
        <comment number="4" value=""/>
      </title_block>
    </sheet>
    <sheet number="4" name="/BLE/" tstamps="/57223B72/">
      <title_block>
        <title>Swing Forge</title>
        <company/>
        <rev>3.2</rev>
        <date>2016-06-24</date>
        <source>BLE.sch</source>
        <comment number="1" value=""/>
        <comment number="2" value=""/>
        <comment number="3" value=""/>
        <comment number="4" value=""/>
      </title_block>
    </sheet>
    <sheet number="5" name="/MotionBoard/" tstamps="/5720FD98/">
      <title_block>
        <title>Swing Forge</title>
        <company/>
        <rev>3.2</rev>
        <date>2016-06-24</date>
        <source>MotionBoard.sch</source>
        <comment number="1" value=""/>
        <comment number="2" value=""/>
        <comment number="3" value=""/>
        <comment number="4" value=""/>
      </title_block>
    </sheet>
    <sheet number="6" name="/MotorDrivers/" tstamps="/57644ADE/">
      <title_block>
        <title>Swing Forge</title>
        <company/>
        <rev>3.2</rev>
        <date>2016-06-24</date>
        <source>MotorDrivers.sch</source>
        <comment number="1" value=""/>
        <comment number="2" value=""/>
        <comment number="3" value=""/>
        <comment number="4" value=""/>
      </title_block>
    </sheet>
    <sheet number="7" name="/FlashMemory/" tstamps="/576B9D9C/">
      <title_block>
        <title>Swing Forge</title>
        <company/>
        <rev>3.2</rev>
        <date>2016-06-24</date>
        <source>FlashMemory.sch</source>
        <comment number="1" value=""/>
        <comment number="2" value=""/>
        <comment number="3" value=""/>
        <comment number="4" value=""/>
      </title_block>
    </sheet>
  </design>
  <components>
    <comp ref="R1">
      <value>30k1</value>
      <footprint>Resistors_SMD:R_0603</footprint>
      <libsource lib="device" part="R"/>
      <sheetpath names="/" tstamps="/"/>
      <tstamp>56BC6F47</tstamp>
    </comp>
    <comp ref="R2">
      <value>10k</value>
      <footprint>Resistors_SMD:R_0603</footprint>
      <libsource lib="device" part="R"/>
      <sheetpath names="/" tstamps="/"/>
      <tstamp>56BC6F4E</tstamp>
    </comp>
    <comp ref="SW1">
      <value>Side Tactile Sw</value>
      <footprint>Switches_Custom:PTS840_PK_alt_2pin</footprint>
      <fields>
        <field name="manf#">FSM4JAH</field>
      </fields>
      <libsource lib="device" part="SW_PUSH"/>
      <sheetpath names="/" tstamps="/"/>
      <tstamp>56BCE41D</tstamp>
    </comp>
    <comp ref="R5">
      <value>150R</value>
      <footprint>Resistors_SMD:R_0603</footprint>
      <libsource lib="device" part="R"/>
      <sheetpath names="/" tstamps="/"/>
      <tstamp>56BE382E</tstamp>
    </comp>
    <comp ref="SW2">
      <value>Side Tactile Sw</value>
      <footprint>Switches_Custom:PTS840_PK_alt_2pin</footprint>
      <fields>
        <field name="manf#">FSM4JAH</field>
      </fields>
      <libsource lib="device" part="SW_PUSH"/>
      <sheetpath names="/" tstamps="/"/>
      <tstamp>57225C13</tstamp>
    </comp>
    <comp ref="R3">
      <value>5k1</value>
      <footprint>Resistors_SMD:R_0603</footprint>
      <libsource lib="device" part="R"/>
      <sheetpath names="/" tstamps="/"/>
      <tstamp>576346F2</tstamp>
    </comp>
    <comp ref="R4">
      <value>5k1</value>
      <footprint>Resistors_SMD:R_0603</footprint>
      <libsource lib="device" part="R"/>
      <sheetpath names="/" tstamps="/"/>
      <tstamp>576347E3</tstamp>
    </comp>
    <comp ref="D1">
      <value>LED_RGBA</value>
      <footprint>LEDS_SMD_Custom:LTST-S310</footprint>
      <libsource lib="CustomLEDs" part="LED_RGBA"/>
      <sheetpath names="/" tstamps="/"/>
      <tstamp>5764462B</tstamp>
    </comp>
    <comp ref="TP10">
      <value>FLASH_CS</value>
      <footprint>Measurement_Points:Measurement_Point_Round-SMD-Pad_Small</footprint>
      <libsource lib="Swing Forge V2 Mainboard-rescue" part="TP_1-RESCUE-Swing_Forge_V2_Mainboard"/>
      <sheetpath names="/" tstamps="/"/>
      <tstamp>5764F420</tstamp>
    </comp>
    <comp ref="U1">
      <value>MK20DX256VLH7</value>
      <footprint>MK20DX256VLH7:QFP50P1200X1200X160-64N</footprint>
      <libsource lib="MK20DX256VLH7" part="MK20DX256VLH7"/>
      <sheetpath names="/" tstamps="/"/>
      <tstamp>57653CC2</tstamp>
    </comp>
    <comp ref="C5">
      <value>0.1uF</value>
      <footprint>Capacitors_SMD:C_0603</footprint>
      <libsource lib="device" part="C_Small"/>
      <sheetpath names="/" tstamps="/"/>
      <tstamp>5765A145</tstamp>
    </comp>
    <comp ref="C3">
      <value>0.1uF</value>
      <footprint>Capacitors_SMD:C_0603</footprint>
      <libsource lib="device" part="C_Small"/>
      <sheetpath names="/" tstamps="/"/>
      <tstamp>5765A1E6</tstamp>
    </comp>
    <comp ref="C2">
      <value>0.1uF</value>
      <footprint>Capacitors_SMD:C_0603</footprint>
      <libsource lib="device" part="C_Small"/>
      <sheetpath names="/" tstamps="/"/>
      <tstamp>5765A264</tstamp>
    </comp>
    <comp ref="C4">
      <value>0.1uF</value>
      <footprint>Capacitors_SMD:C_0603</footprint>
      <libsource lib="device" part="C_Small"/>
      <sheetpath names="/" tstamps="/"/>
      <tstamp>5766179F</tstamp>
    </comp>
    <comp ref="TP2">
      <value>CLK</value>
      <footprint>Measurement_Points:Measurement_Point_Round-SMD-Pad_Small</footprint>
      <libsource lib="Swing Forge V2 Mainboard-rescue" part="TP_1-RESCUE-Swing_Forge_V2_Mainboard"/>
      <sheetpath names="/" tstamps="/"/>
      <tstamp>57665DD8</tstamp>
    </comp>
    <comp ref="TP1">
      <value>RST</value>
      <footprint>Measurement_Points:Measurement_Point_Round-SMD-Pad_Small</footprint>
      <libsource lib="Swing Forge V2 Mainboard-rescue" part="TP_1-RESCUE-Swing_Forge_V2_Mainboard"/>
      <sheetpath names="/" tstamps="/"/>
      <tstamp>57666049</tstamp>
    </comp>
    <comp ref="X1">
      <value>16 MHz</value>
      <footprint>Crystals:crystal_FA238-TSX3225</footprint>
      <libsource lib="device" part="CRYSTAL_SMD"/>
      <sheetpath names="/" tstamps="/"/>
      <tstamp>57667224</tstamp>
    </comp>
    <comp ref="C6">
      <value>0.1uF</value>
      <footprint>Capacitors_SMD:C_0603</footprint>
      <libsource lib="device" part="C_Small"/>
      <sheetpath names="/" tstamps="/"/>
      <tstamp>57669A9A</tstamp>
    </comp>
    <comp ref="TP3">
      <value>TDI</value>
      <footprint>Measurement_Points:Measurement_Point_Round-SMD-Pad_Small</footprint>
      <libsource lib="Swing Forge V2 Mainboard-rescue" part="TP_1-RESCUE-Swing_Forge_V2_Mainboard"/>
      <sheetpath names="/" tstamps="/"/>
      <tstamp>5766FCFD</tstamp>
    </comp>
    <comp ref="TP4">
      <value>TDO</value>
      <footprint>Measurement_Points:Measurement_Point_Round-SMD-Pad_Small</footprint>
      <libsource lib="Swing Forge V2 Mainboard-rescue" part="TP_1-RESCUE-Swing_Forge_V2_Mainboard"/>
      <sheetpath names="/" tstamps="/"/>
      <tstamp>5766FDA0</tstamp>
    </comp>
    <comp ref="TP5">
      <value>TMS</value>
      <footprint>Measurement_Points:Measurement_Point_Round-SMD-Pad_Small</footprint>
      <libsource lib="Swing Forge V2 Mainboard-rescue" part="TP_1-RESCUE-Swing_Forge_V2_Mainboard"/>
      <sheetpath names="/" tstamps="/"/>
      <tstamp>5766FE4C</tstamp>
    </comp>
    <comp ref="P1">
      <value>FPC Connector</value>
      <footprint>Connectors_Custom:TE_1-1775333-0_FPC_Socket_10pin</footprint>
      <libsource lib="conn" part="CONN_01X10"/>
      <sheetpath names="/" tstamps="/"/>
      <tstamp>57674BF0</tstamp>
    </comp>
    <comp ref="TP14">
      <value>BLE_CS</value>
      <footprint>Measurement_Points:Measurement_Point_Round-SMD-Pad_Small</footprint>
      <libsource lib="Swing Forge V2 Mainboard-rescue" part="TP_1-RESCUE-Swing_Forge_V2_Mainboard"/>
      <sheetpath names="/" tstamps="/"/>
      <tstamp>576ACB41</tstamp>
    </comp>
    <comp ref="TP8">
      <value>SDA</value>
      <footprint>Measurement_Points:Measurement_Point_Round-SMD-Pad_Small</footprint>
      <libsource lib="Swing Forge V2 Mainboard-rescue" part="TP_1-RESCUE-Swing_Forge_V2_Mainboard"/>
      <sheetpath names="/" tstamps="/"/>
      <tstamp>576E0448</tstamp>
    </comp>
    <comp ref="TP9">
      <value>SCL</value>
      <footprint>Measurement_Points:Measurement_Point_Round-SMD-Pad_Small</footprint>
      <libsource lib="Swing Forge V2 Mainboard-rescue" part="TP_1-RESCUE-Swing_Forge_V2_Mainboard"/>
      <sheetpath names="/" tstamps="/"/>
      <tstamp>576E044E</tstamp>
    </comp>
    <comp ref="C1">
      <value>2.2uF</value>
      <footprint>Capacitors_SMD:C_0603</footprint>
      <libsource lib="device" part="C_Small"/>
      <sheetpath names="/" tstamps="/"/>
      <tstamp>576ECB54</tstamp>
    </comp>
    <comp ref="TP15">
      <value>TRST</value>
      <footprint>Measurement_Points:Measurement_Point_Round-SMD-Pad_Small</footprint>
      <libsource lib="Swing Forge V2 Mainboard-rescue" part="TP_1-RESCUE-Swing_Forge_V2_Mainboard"/>
      <sheetpath names="/" tstamps="/"/>
      <tstamp>576B1BB9</tstamp>
    </comp>
    <comp ref="C29">
      <value>10uF</value>
      <footprint>Capacitors_SMD:C_0603</footprint>
      <libsource lib="device" part="C_Small"/>
      <sheetpath names="/" tstamps="/"/>
      <tstamp>576E9705</tstamp>
    </comp>
    <comp ref="U3">
      <value>MCP73831</value>
      <footprint>SparkFun-DigitalIC:SOT23-5</footprint>
      <libsource lib="Swing Forge V2 Mainboard-cache" part="MCP73831"/>
      <sheetpath names="/Lipo_System/" tstamps="/56BC1D0A/"/>
      <tstamp>56BC20A9</tstamp>
    </comp>
    <comp ref="C9">
      <value>10uF</value>
      <footprint>Capacitors_SMD:C_0603</footprint>
      <libsource lib="device" part="C_Small"/>
      <sheetpath names="/Lipo_System/" tstamps="/56BC1D0A/"/>
      <tstamp>56BC20B8</tstamp>
    </comp>
    <comp ref="D2">
      <value>RED</value>
      <footprint>LEDS_SMD_Custom:LTST-S270</footprint>
      <libsource lib="device" part="Led_Small"/>
      <sheetpath names="/Lipo_System/" tstamps="/56BC1D0A/"/>
      <tstamp>56BC20BF</tstamp>
    </comp>
    <comp ref="D3">
      <value>GREEN</value>
      <footprint>LEDS_SMD_Custom:LTST-S270</footprint>
      <libsource lib="device" part="Led_Small"/>
      <sheetpath names="/Lipo_System/" tstamps="/56BC1D0A/"/>
      <tstamp>56BC20C6</tstamp>
    </comp>
    <comp ref="R8">
      <value>150R</value>
      <footprint>Resistors_SMD:R_0603</footprint>
      <libsource lib="device" part="R_Small"/>
      <sheetpath names="/Lipo_System/" tstamps="/56BC1D0A/"/>
      <tstamp>56BC20DF</tstamp>
    </comp>
    <comp ref="R9">
      <value>150R</value>
      <footprint>Resistors_SMD:R_0603</footprint>
      <libsource lib="device" part="R_Small"/>
      <sheetpath names="/Lipo_System/" tstamps="/56BC1D0A/"/>
      <tstamp>56BC20E6</tstamp>
    </comp>
    <comp ref="R11">
      <value>2k0</value>
      <footprint>Resistors_SMD:R_0603</footprint>
      <libsource lib="device" part="R_Small"/>
      <sheetpath names="/Lipo_System/" tstamps="/56BC1D0A/"/>
      <tstamp>56BC20F3</tstamp>
    </comp>
    <comp ref="C10">
      <value>10uF</value>
      <footprint>Capacitors_SMD:C_0603</footprint>
      <libsource lib="device" part="C_Small"/>
      <sheetpath names="/Lipo_System/" tstamps="/56BC1D0A/"/>
      <tstamp>56BC2100</tstamp>
    </comp>
    <comp ref="P2">
      <value>USB_micro_B</value>
      <footprint>open-project:MICRO-B_USB</footprint>
      <libsource lib="conn" part="USB_OTG"/>
      <sheetpath names="/Lipo_System/" tstamps="/56BC1D0A/"/>
      <tstamp>56BC2114</tstamp>
    </comp>
    <comp ref="BT1">
      <value>Lipo 1S 1Ah</value>
      <footprint>Pin_Headers_github:Pin_Header_Straight_1x02_Pitch2.00mm</footprint>
      <libsource lib="device" part="Battery"/>
      <sheetpath names="/Lipo_System/" tstamps="/56BC1D0A/"/>
      <tstamp>56BC2081</tstamp>
    </comp>
    <comp ref="Q2">
      <value>MBT2222ADW</value>
      <footprint>SOT_Custom:SOT-363</footprint>
      <libsource lib="Swing Forge V2 Mainboard-cache" part="MBT2222ADW-RESCUE-Swing_Forge_V2_Mainboard"/>
      <sheetpath names="/Lipo_System/" tstamps="/56BC1D0A/"/>
      <tstamp>5714DA16</tstamp>
    </comp>
    <comp ref="R14">
      <value>100k</value>
      <footprint>Resistors_SMD:R_0603</footprint>
      <libsource lib="device" part="R"/>
      <sheetpath names="/Lipo_System/" tstamps="/56BC1D0A/"/>
      <tstamp>5714E07B</tstamp>
    </comp>
    <comp ref="R12">
      <value>100k</value>
      <footprint>Resistors_SMD:R_0603</footprint>
      <libsource lib="device" part="R"/>
      <sheetpath names="/Lipo_System/" tstamps="/56BC1D0A/"/>
      <tstamp>571501CA</tstamp>
    </comp>
    <comp ref="R15">
      <value>100k</value>
      <footprint>Resistors_SMD:R_0603</footprint>
      <libsource lib="device" part="R"/>
      <sheetpath names="/Lipo_System/" tstamps="/56BC1D0A/"/>
      <tstamp>57150234</tstamp>
    </comp>
    <comp ref="R16">
      <value>1M</value>
      <footprint>Resistors_SMD:R_0603</footprint>
      <libsource lib="device" part="R"/>
      <sheetpath names="/Lipo_System/" tstamps="/56BC1D0A/"/>
      <tstamp>57150293</tstamp>
    </comp>
    <comp ref="C11">
      <value>22uF</value>
      <footprint>Capacitors_SMD:C_0603</footprint>
      <libsource lib="device" part="C_Small"/>
      <sheetpath names="/Lipo_System/" tstamps="/56BC1D0A/"/>
      <tstamp>57150EAD</tstamp>
    </comp>
    <comp ref="SW3">
      <value>Side Tactile Sw</value>
      <footprint>Switches_Custom:PTS840_PK_alt_2pin</footprint>
      <libsource lib="Swing Forge V2 Mainboard-cache" part="SMALL_PUSH_SW-RESCUE-Swing_Forge_V2_Mainboard"/>
      <sheetpath names="/Lipo_System/" tstamps="/56BC1D0A/"/>
      <tstamp>57151BBF</tstamp>
    </comp>
    <comp ref="R13">
      <value>1k</value>
      <footprint>Resistors_SMD:R_0603</footprint>
      <libsource lib="device" part="R"/>
      <sheetpath names="/Lipo_System/" tstamps="/56BC1D0A/"/>
      <tstamp>57155B60</tstamp>
    </comp>
    <comp ref="Q1">
      <value>P-MOS</value>
      <footprint>TO_SOT_Packages_SMD:SOT-23</footprint>
      <libsource lib="device" part="Q_PMOS_GSD"/>
      <sheetpath names="/Lipo_System/" tstamps="/56BC1D0A/"/>
      <tstamp>5721D785</tstamp>
    </comp>
    <comp ref="C12">
      <value>22uF</value>
      <footprint>Capacitors_SMD:C_0603</footprint>
      <libsource lib="device" part="C_Small"/>
      <sheetpath names="/Lipo_System/" tstamps="/56BC1D0A/"/>
      <tstamp>57653484</tstamp>
    </comp>
    <comp ref="R17">
      <value>10k</value>
      <footprint>Resistors_SMD:R_0603</footprint>
      <libsource lib="device" part="R"/>
      <sheetpath names="/Lipo_System/" tstamps="/56BC1D0A/"/>
      <tstamp>5765359F</tstamp>
    </comp>
    <comp ref="R10">
      <value>0R</value>
      <footprint>Resistors_SMD:R_0603</footprint>
      <libsource lib="device" part="R_Small"/>
      <sheetpath names="/Lipo_System/" tstamps="/56BC1D0A/"/>
      <tstamp>576541A2</tstamp>
    </comp>
    <comp ref="R7">
      <value>33R</value>
      <footprint>Resistors_SMD:R_0603</footprint>
      <libsource lib="device" part="R_Small"/>
      <sheetpath names="/Lipo_System/" tstamps="/56BC1D0A/"/>
      <tstamp>5765D31D</tstamp>
    </comp>
    <comp ref="R6">
      <value>33R</value>
      <footprint>Resistors_SMD:R_0603</footprint>
      <libsource lib="device" part="R_Small"/>
      <sheetpath names="/Lipo_System/" tstamps="/56BC1D0A/"/>
      <tstamp>5765D413</tstamp>
    </comp>
    <comp ref="C14">
      <value>2.2uF</value>
      <footprint>Capacitors_SMD:C_0603</footprint>
      <libsource lib="device" part="C_Small"/>
      <sheetpath names="/Lipo_System/" tstamps="/56BC1D0A/"/>
      <tstamp>576CD47B</tstamp>
    </comp>
    <comp ref="U4">
      <value>NCP177</value>
      <footprint>Regulators_Custom:XDFN4_1x1mm_for_NCP177</footprint>
      <libsource lib="voltageRegulators" part="NCP177"/>
      <sheetpath names="/Lipo_System/" tstamps="/56BC1D0A/"/>
      <tstamp>57707D2E</tstamp>
    </comp>
    <comp ref="C13">
      <value>10uF</value>
      <footprint>Capacitors_SMD:C_0603</footprint>
      <libsource lib="device" part="C_Small"/>
      <sheetpath names="/Lipo_System/" tstamps="/56BC1D0A/"/>
      <tstamp>576CF03C</tstamp>
    </comp>
    <comp ref="C15">
      <value>10uF</value>
      <footprint>Capacitors_SMD:C_0603</footprint>
      <libsource lib="device" part="C_Small"/>
      <sheetpath names="/DAC_audio_system/" tstamps="/56BBF7C1/"/>
      <tstamp>5714A5A3</tstamp>
    </comp>
    <comp ref="U6">
      <value>MAX98309</value>
      <footprint>Audio_Amplifiers_Custom:MAX38309</footprint>
      <libsource lib="AudioAmpICs" part="MAX98309"/>
      <sheetpath names="/DAC_audio_system/" tstamps="/56BBF7C1/"/>
      <tstamp>5762F658</tstamp>
    </comp>
    <comp ref="C18">
      <value>0.1uF</value>
      <footprint>Capacitors_SMD:C_0603</footprint>
      <libsource lib="device" part="C"/>
      <sheetpath names="/DAC_audio_system/" tstamps="/56BBF7C1/"/>
      <tstamp>5762FA8B</tstamp>
    </comp>
    <comp ref="C17">
      <value>1uF</value>
      <footprint>Capacitors_SMD:C_0603</footprint>
      <libsource lib="device" part="C"/>
      <sheetpath names="/DAC_audio_system/" tstamps="/56BBF7C1/"/>
      <tstamp>5762FC50</tstamp>
    </comp>
    <comp ref="U5">
      <value>MAX5395LATA</value>
      <footprint>SparkFun-PowerIC:TDFN-8</footprint>
      <libsource lib="Digipots" part="MAX5395"/>
      <sheetpath names="/DAC_audio_system/" tstamps="/56BBF7C1/"/>
      <tstamp>5763048C</tstamp>
    </comp>
    <comp ref="R18">
      <value>100k</value>
      <footprint>Resistors_SMD:R_0603</footprint>
      <libsource lib="device" part="R_Small"/>
      <sheetpath names="/DAC_audio_system/" tstamps="/56BBF7C1/"/>
      <tstamp>57630799</tstamp>
    </comp>
    <comp ref="C16">
      <value>10uF</value>
      <footprint>Capacitors_SMD:C_0603</footprint>
      <libsource lib="device" part="C"/>
      <sheetpath names="/DAC_audio_system/" tstamps="/56BBF7C1/"/>
      <tstamp>57631942</tstamp>
    </comp>
    <comp ref="U7">
      <value>MDBT40</value>
      <footprint>MDBT40:MDBT40</footprint>
      <libsource lib="mdbt40" part="MDBT40"/>
      <sheetpath names="/BLE/" tstamps="/57223B72/"/>
      <tstamp>57224CE2</tstamp>
    </comp>
    <comp ref="X2">
      <value>32.768kHz</value>
      <footprint>Crystal_Custom:ABS07AIG</footprint>
      <libsource lib="device" part="Crystal_Small"/>
      <sheetpath names="/BLE/" tstamps="/57223B72/"/>
      <tstamp>57224DAF</tstamp>
    </comp>
    <comp ref="L1">
      <value>10uH</value>
      <footprint>Capacitors_SMD:C_0603</footprint>
      <libsource lib="device" part="INDUCTOR_SMALL"/>
      <sheetpath names="/BLE/" tstamps="/57223B72/"/>
      <tstamp>57225046</tstamp>
    </comp>
    <comp ref="L2">
      <value>15nH</value>
      <footprint>Capacitors_SMD:C_0603</footprint>
      <libsource lib="device" part="INDUCTOR_SMALL"/>
      <sheetpath names="/BLE/" tstamps="/57223B72/"/>
      <tstamp>572251D8</tstamp>
    </comp>
    <comp ref="C19">
      <value>47nF</value>
      <footprint>Capacitors_SMD:C_0603</footprint>
      <libsource lib="device" part="C_Small"/>
      <sheetpath names="/BLE/" tstamps="/57223B72/"/>
      <tstamp>57225262</tstamp>
    </comp>
    <comp ref="R19">
      <value>12k</value>
      <footprint>Resistors_SMD:R_0603</footprint>
      <libsource lib="device" part="R"/>
      <sheetpath names="/BLE/" tstamps="/57223B72/"/>
      <tstamp>572253E6</tstamp>
    </comp>
    <comp ref="C20">
      <value>1uF</value>
      <footprint>Capacitors_SMD:C_0603</footprint>
      <libsource lib="device" part="C_Small"/>
      <sheetpath names="/BLE/" tstamps="/57223B72/"/>
      <tstamp>57225D47</tstamp>
    </comp>
    <comp ref="C22">
      <value>0.1uF</value>
      <footprint>Capacitors_SMD:C_0603</footprint>
      <libsource lib="device" part="C_Small"/>
      <sheetpath names="/BLE/" tstamps="/57223B72/"/>
      <tstamp>57225E95</tstamp>
    </comp>
    <comp ref="R20">
      <value>0R</value>
      <footprint>Resistors_SMD:R_0603</footprint>
      <libsource lib="device" part="R_Small"/>
      <sheetpath names="/BLE/" tstamps="/57223B72/"/>
      <tstamp>572260A6</tstamp>
    </comp>
    <comp ref="C21">
      <value>100pF</value>
      <footprint>Capacitors_SMD:C_0603</footprint>
      <libsource lib="device" part="C_Small"/>
      <sheetpath names="/BLE/" tstamps="/57223B72/"/>
      <tstamp>572264C0</tstamp>
    </comp>
    <comp ref="C24">
      <value>12pF</value>
      <footprint>Capacitors_SMD:C_0603</footprint>
      <libsource lib="device" part="C_Small"/>
      <sheetpath names="/BLE/" tstamps="/57223B72/"/>
      <tstamp>57227810</tstamp>
    </comp>
    <comp ref="C23">
      <value>12pF</value>
      <footprint>Capacitors_SMD:C_0603</footprint>
      <libsource lib="device" part="C_Small"/>
      <sheetpath names="/BLE/" tstamps="/57223B72/"/>
      <tstamp>57227982</tstamp>
    </comp>
    <comp ref="U8">
      <value>MPU-6050</value>
      <footprint>Sensors_Custom:MPU-6050_QFN-24</footprint>
      <libsource lib="mpu-6050" part="MPU-6050"/>
      <sheetpath names="/MotionBoard/" tstamps="/5720FD98/"/>
      <tstamp>57210057</tstamp>
    </comp>
    <comp ref="C25">
      <value>1uF</value>
      <footprint>Capacitors_SMD:C_0603</footprint>
      <libsource lib="device" part="C"/>
      <sheetpath names="/MotionBoard/" tstamps="/5720FD98/"/>
      <tstamp>5721028B</tstamp>
    </comp>
    <comp ref="C28">
      <value>2.2nF</value>
      <footprint>Capacitors_SMD:C_0603</footprint>
      <libsource lib="device" part="C"/>
      <sheetpath names="/MotionBoard/" tstamps="/5720FD98/"/>
      <tstamp>5721050E</tstamp>
    </comp>
    <comp ref="C27">
      <value>0.1uF</value>
      <footprint>Capacitors_SMD:C_0603</footprint>
      <libsource lib="device" part="C"/>
      <sheetpath names="/MotionBoard/" tstamps="/5720FD98/"/>
      <tstamp>5721054E</tstamp>
    </comp>
    <comp ref="C26">
      <value>0.1uF</value>
      <footprint>Capacitors_SMD:C_0603</footprint>
      <libsource lib="device" part="C"/>
      <sheetpath names="/MotionBoard/" tstamps="/5720FD98/"/>
      <tstamp>57634063</tstamp>
    </comp>
    <comp ref="U12">
      <value>DMN2215UDM</value>
      <footprint>SOT_Custom:SOT-26</footprint>
      <libsource lib="dmn2215udm" part="DMN2215UDM"/>
      <sheetpath names="/MotorDrivers/" tstamps="/57644ADE/"/>
      <tstamp>57644C03</tstamp>
    </comp>
    <comp ref="U11">
      <value>DMN2215UDM</value>
      <footprint>SOT_Custom:SOT-26</footprint>
      <libsource lib="dmn2215udm" part="DMN2215UDM"/>
      <sheetpath names="/MotorDrivers/" tstamps="/57644ADE/"/>
      <tstamp>57644C0A</tstamp>
    </comp>
    <comp ref="U10">
      <value>DMN2215UDM</value>
      <footprint>SOT_Custom:SOT-26</footprint>
      <libsource lib="dmn2215udm" part="DMN2215UDM"/>
      <sheetpath names="/MotorDrivers/" tstamps="/57644ADE/"/>
      <tstamp>57644C11</tstamp>
    </comp>
    <comp ref="U9">
      <value>DMN2215UDM</value>
      <footprint>SOT_Custom:SOT-26</footprint>
      <libsource lib="dmn2215udm" part="DMN2215UDM"/>
      <sheetpath names="/MotorDrivers/" tstamps="/57644ADE/"/>
      <tstamp>57644C18</tstamp>
    </comp>
    <comp ref="R28">
      <value>150R</value>
      <footprint>Resistors_SMD:R_0603</footprint>
      <libsource lib="device" part="R_Small"/>
      <sheetpath names="/MotorDrivers/" tstamps="/57644ADE/"/>
      <tstamp>57702324</tstamp>
    </comp>
    <comp ref="R29">
      <value>150R</value>
      <footprint>Resistors_SMD:R_0603</footprint>
      <libsource lib="device" part="R_Small"/>
      <sheetpath names="/MotorDrivers/" tstamps="/57644ADE/"/>
      <tstamp>57702478</tstamp>
    </comp>
    <comp ref="R30">
      <value>150R</value>
      <footprint>Resistors_SMD:R_0603</footprint>
      <libsource lib="device" part="R_Small"/>
      <sheetpath names="/MotorDrivers/" tstamps="/57644ADE/"/>
      <tstamp>5770254E</tstamp>
    </comp>
    <comp ref="R31">
      <value>150R</value>
      <footprint>Resistors_SMD:R_0603</footprint>
      <libsource lib="device" part="R_Small"/>
      <sheetpath names="/MotorDrivers/" tstamps="/57644ADE/"/>
      <tstamp>57702554</tstamp>
    </comp>
    <comp ref="R32">
      <value>150R</value>
      <footprint>Resistors_SMD:R_0603</footprint>
      <libsource lib="device" part="R_Small"/>
      <sheetpath names="/MotorDrivers/" tstamps="/57644ADE/"/>
      <tstamp>5770271E</tstamp>
    </comp>
    <comp ref="R33">
      <value>150R</value>
      <footprint>Resistors_SMD:R_0603</footprint>
      <libsource lib="device" part="R_Small"/>
      <sheetpath names="/MotorDrivers/" tstamps="/57644ADE/"/>
      <tstamp>57702724</tstamp>
    </comp>
    <comp ref="R34">
      <value>150R</value>
      <footprint>Resistors_SMD:R_0603</footprint>
      <libsource lib="device" part="R_Small"/>
      <sheetpath names="/MotorDrivers/" tstamps="/57644ADE/"/>
      <tstamp>5770272A</tstamp>
    </comp>
    <comp ref="C7">
      <value>0.1uF</value>
      <footprint>Capacitors_SMD:C_0603</footprint>
      <libsource lib="device" part="C_Small"/>
      <sheetpath names="/FlashMemory/" tstamps="/576B9D9C/"/>
      <tstamp>576B9F83</tstamp>
    </comp>
    <comp ref="C8">
      <value>10uF</value>
      <footprint>Capacitors_SMD:C_0603</footprint>
      <libsource lib="device" part="C_Small"/>
      <sheetpath names="/FlashMemory/" tstamps="/576B9D9C/"/>
      <tstamp>576B9F8A</tstamp>
    </comp>
    <comp ref="U2">
      <value>W25Q128FV</value>
      <footprint>SparkFun-Sensors:SO08WIDE</footprint>
      <libsource lib="w25q128fv" part="W25Q128FV"/>
      <sheetpath names="/FlashMemory/" tstamps="/576B9D9C/"/>
      <tstamp>576B9F91</tstamp>
    </comp>
    <comp ref="TP11">
      <value>MOSI</value>
      <footprint>Measurement_Points:Measurement_Point_Round-SMD-Pad_Small</footprint>
      <libsource lib="Swing Forge V2 Mainboard-rescue" part="TP_1-RESCUE-Swing_Forge_V2_Mainboard"/>
      <sheetpath names="/FlashMemory/" tstamps="/576B9D9C/"/>
      <tstamp>576B9FAF</tstamp>
    </comp>
    <comp ref="TP12">
      <value>MISO</value>
      <footprint>Measurement_Points:Measurement_Point_Round-SMD-Pad_Small</footprint>
      <libsource lib="Swing Forge V2 Mainboard-rescue" part="TP_1-RESCUE-Swing_Forge_V2_Mainboard"/>
      <sheetpath names="/FlashMemory/" tstamps="/576B9D9C/"/>
      <tstamp>576B9FB6</tstamp>
    </comp>
    <comp ref="TP13">
      <value>SCK</value>
      <footprint>Measurement_Points:Measurement_Point_Round-SMD-Pad_Small</footprint>
      <libsource lib="Swing Forge V2 Mainboard-rescue" part="TP_1-RESCUE-Swing_Forge_V2_Mainboard"/>
      <sheetpath names="/FlashMemory/" tstamps="/576B9D9C/"/>
      <tstamp>576B9FBD</tstamp>
    </comp>
  </components>
  <libparts>
    <libpart lib="device" part="Battery">
      <fields>
        <field name="Reference">BT</field>
        <field name="Value">Battery</field>
      </fields>
      <pins>
        <pin num="1" name="~" type="passive"/>
        <pin num="2" name="~" type="passive"/>
      </pins>
    </libpart>
    <libpart lib="device" part="C">
      <description>Unpolarized capacitor</description>
      <footprints>
        <fp>C?</fp>
        <fp>C_????_*</fp>
        <fp>C_????</fp>
        <fp>SMD*_c</fp>
        <fp>Capacitor*</fp>
      </footprints>
      <fields>
        <field name="Reference">C</field>
        <field name="Value">C</field>
      </fields>
      <pins>
        <pin num="1" name="~" type="passive"/>
        <pin num="2" name="~" type="passive"/>
      </pins>
    </libpart>
    <libpart lib="conn" part="CONN_01X10">
      <description>Connector 01x10</description>
      <footprints>
        <fp>Pin_Header_Straight_1X10</fp>
        <fp>Pin_Header_Angled_1X10</fp>
        <fp>Socket_Strip_Straight_1X10</fp>
        <fp>Socket_Strip_Angled_1X10</fp>
      </footprints>
      <fields>
        <field name="Reference">P</field>
        <field name="Value">CONN_01X10</field>
      </fields>
      <pins>
        <pin num="1" name="P1" type="passive"/>
        <pin num="2" name="P2" type="passive"/>
        <pin num="3" name="P3" type="passive"/>
        <pin num="4" name="P4" type="passive"/>
        <pin num="5" name="P5" type="passive"/>
        <pin num="6" name="P6" type="passive"/>
        <pin num="7" name="P7" type="passive"/>
        <pin num="8" name="P8" type="passive"/>
        <pin num="9" name="P9" type="passive"/>
        <pin num="10" name="P10" type="passive"/>
      </pins>
    </libpart>
    <libpart lib="device" part="CRYSTAL_SMD">
      <fields>
        <field name="Reference">X</field>
        <field name="Value">CRYSTAL_SMD</field>
      </fields>
      <pins>
        <pin num="1" name="1" type="passive"/>
        <pin num="2" name="2" type="passive"/>
        <pin num="3" name="case" type="passive"/>
      </pins>
    </libpart>
    <libpart lib="device" part="C_Small">
      <description>Unpolarized capacitor</description>
      <footprints>
        <fp>C?</fp>
        <fp>C_????_*</fp>
        <fp>C_????</fp>
        <fp>SMD*_c</fp>
        <fp>Capacitor*</fp>
      </footprints>
      <fields>
        <field name="Reference">C</field>
        <field name="Value">C_Small</field>
      </fields>
      <pins>
        <pin num="1" name="~" type="passive"/>
        <pin num="2" name="~" type="passive"/>
      </pins>
    </libpart>
    <libpart lib="device" part="Crystal_Small">
      <description>Two pin crystal</description>
      <footprints>
        <fp>Crystal_</fp>
      </footprints>
      <fields>
        <field name="Reference">Y</field>
        <field name="Value">Crystal_Small</field>
      </fields>
      <pins>
        <pin num="1" name="1" type="passive"/>
        <pin num="2" name="2" type="passive"/>
      </pins>
    </libpart>
    <libpart lib="dmn2215udm" part="DMN2215UDM">
      <fields>
        <field name="Reference">U</field>
        <field name="Value">DMN2215UDM</field>
      </fields>
      <pins>
        <pin num="1" name="G1" type="input"/>
        <pin num="2" name="S2" type="power_in"/>
        <pin num="3" name="G2" type="input"/>
        <pin num="4" name="D2" type="input"/>
        <pin num="5" name="S1" type="power_in"/>
        <pin num="6" name="D1" type="input"/>
      </pins>
    </libpart>
    <libpart lib="device" part="INDUCTOR_SMALL">
      <fields>
        <field name="Reference">L</field>
        <field name="Value">INDUCTOR_SMALL</field>
      </fields>
      <pins>
        <pin num="1" name="1" type="input"/>
        <pin num="2" name="2" type="input"/>
      </pins>
    </libpart>
    <libpart lib="CustomLEDs" part="LED_RGBA">
      <description>Common Anode RGB LED</description>
      <fields>
        <field name="Reference">D</field>
        <field name="Value">LED_RGBA</field>
      </fields>
      <pins>
        <pin num="1" name="RED_CATHODE" type="passive"/>
        <pin num="2" name="GREEN_CATHODE" type="passive"/>
        <pin num="3" name="BLUE_CATHODE" type="passive"/>
        <pin num="4" name="COMMON_ANODE" type="passive"/>
      </pins>
    </libpart>
    <libpart lib="device" part="Led_Small">
      <description>Led</description>
      <footprints>
        <fp>CP*</fp>
        <fp>SM*</fp>
      </footprints>
      <fields>
        <field name="Reference">D</field>
        <field name="Value">Led_Small</field>
      </fields>
      <pins>
        <pin num="1" name="K" type="passive"/>
        <pin num="2" name="A" type="passive"/>
      </pins>
    </libpart>
    <libpart lib="Digipots" part="MAX5395">
      <fields>
        <field name="Reference">U</field>
        <field name="Value">MAX5395</field>
      </fields>
      <pins>
        <pin num="1" name="L" type="output"/>
        <pin num="2" name="GND" type="power_in"/>
        <pin num="3" name="ADDR0" type="input"/>
        <pin num="4" name="SDA" type="input"/>
        <pin num="5" name="SCL" type="input"/>
        <pin num="6" name="Vcc" type="power_in"/>
        <pin num="7" name="W" type="output"/>
        <pin num="8" name="H" type="input"/>
      </pins>
    </libpart>
    <libpart lib="AudioAmpICs" part="MAX98309">
      <fields>
        <field name="Reference">U</field>
        <field name="Value">MAX98309</field>
      </fields>
      <pins>
        <pin num="A1" name="OUT+" type="output"/>
        <pin num="A2" name="SHDN" type="input"/>
        <pin num="A3" name="IN-" type="input"/>
        <pin num="B1" name="GND" type="power_in"/>
        <pin num="B2" name="TON" type="input"/>
        <pin num="B3" name="Vdd" type="power_in"/>
        <pin num="C1" name="OUT-" type="output"/>
        <pin num="C2" name="BIAS" type="input"/>
        <pin num="C3" name="IN+" type="input"/>
      </pins>
    </libpart>
    <libpart lib="Swing Forge V2 Mainboard-cache" part="MBT2222ADW-RESCUE-Swing_Forge_V2_Mainboard">
      <footprints>
        <fp>sot363*</fp>
      </footprints>
      <fields>
        <field name="Reference">Q</field>
        <field name="Value">MBT2222ADW-RESCUE-Swing_Forge_V2_Mainboard</field>
      </fields>
      <pins>
        <pin num="1" name="E" type="passive"/>
        <pin num="2" name="B" type="input"/>
        <pin num="3" name="C" type="passive"/>
        <pin num="4" name="E" type="passive"/>
        <pin num="5" name="B" type="input"/>
        <pin num="6" name="C" type="passive"/>
      </pins>
    </libpart>
    <libpart lib="Swing Forge V2 Mainboard-cache" part="MCP73831">
      <footprints>
        <fp>SOT23-5</fp>
      </footprints>
      <fields>
        <field name="Reference">U</field>
        <field name="Value">MCP73831</field>
      </fields>
      <pins>
        <pin num="1" name="STAT" type="input"/>
        <pin num="2" name="VSS" type="input"/>
        <pin num="3" name="VBAT" type="input"/>
        <pin num="4" name="VDD" type="input"/>
        <pin num="5" name="PROG" type="input"/>
      </pins>
    </libpart>
    <libpart lib="mdbt40" part="MDBT40">
      <fields>
        <field name="Reference">U</field>
        <field name="Value">MDBT40</field>
      </fields>
      <pins>
        <pin num="1" name="GND" type="power_in"/>
        <pin num="2" name="GND" type="power_in"/>
        <pin num="3" name="AVDD" type="power_in"/>
        <pin num="4" name="P0.21" type="BiDi"/>
        <pin num="5" name="P0.22" type="BiDi"/>
        <pin num="6" name="P0.23" type="BiDi"/>
        <pin num="7" name="P0.24" type="BiDi"/>
        <pin num="8" name="P0.25" type="BiDi"/>
        <pin num="9" name="P0.26/AIN0/XL2" type="BiDi"/>
        <pin num="10" name="P0.27/AIN1/XL1" type="BiDi"/>
        <pin num="11" name="P0.28" type="BiDi"/>
        <pin num="12" name="P0.29" type="BiDi"/>
        <pin num="13" name="GND" type="power_in"/>
        <pin num="14" name="VDD" type="power_in"/>
        <pin num="15" name="DCC" type="output"/>
        <pin num="16" name="P0.30" type="BiDi"/>
        <pin num="17" name="P0.00/AREF0" type="BiDi"/>
        <pin num="18" name="P0.01/AIN2" type="BiDi"/>
        <pin num="19" name="P0.02/AIN3" type="BiDi"/>
        <pin num="20" name="P0.03/AIN4" type="BiDi"/>
        <pin num="21" name="P0.04/AIN5" type="BiDi"/>
        <pin num="22" name="P0.05/AIN6" type="BiDi"/>
        <pin num="23" name="P0.06/AIN7/AREF1" type="BiDi"/>
        <pin num="24" name="P0.07" type="BiDi"/>
        <pin num="25" name="GND" type="power_in"/>
        <pin num="26" name="P0.08" type="BiDi"/>
        <pin num="27" name="P0.09" type="BiDi"/>
        <pin num="28" name="P0.10" type="BiDi"/>
        <pin num="29" name="P0.11" type="BiDi"/>
        <pin num="30" name="P0.12" type="BiDi"/>
        <pin num="31" name="P0.13" type="BiDi"/>
        <pin num="32" name="P0.14" type="BiDi"/>
        <pin num="33" name="P0.15" type="BiDi"/>
        <pin num="34" name="P0.16" type="BiDi"/>
        <pin num="35" name="SWDIO/RESET" type="BiDi"/>
        <pin num="36" name="SWDCLK" type="input"/>
        <pin num="37" name="P0.17" type="BiDi"/>
        <pin num="38" name="P0.18" type="BiDi"/>
        <pin num="39" name="P0.19" type="BiDi"/>
        <pin num="40" name="P0.20" type="BiDi"/>
        <pin num="41" name="DEC2" type="BiDi"/>
        <pin num="42" name="GND" type="power_in"/>
      </pins>
    </libpart>
    <libpart lib="MK20DX256VLH7" part="MK20DX256VLH7">
      <fields>
        <field name="Reference">U</field>
        <field name="Value">MK20DX256VLH7</field>
        <field name="Footprint">QFP50P1200X1200X160-64N</field>
      </fields>
      <pins>
        <pin num="1" name="D31/A20" type="BiDi"/>
        <pin num="2" name="D26/A15" type="BiDi"/>
        <pin num="3" name="VCC" type="power_in"/>
        <pin num="4" name="VSS" type="power_in"/>
        <pin num="5" name="USB-P" type="BiDi"/>
        <pin num="6" name="USB-M" type="BiDi"/>
        <pin num="7" name="VOUT3V3" type="power_in"/>
        <pin num="8" name="VREGIN" type="power_in"/>
        <pin num="9" name="A11/ADC0_DP0" type="BiDi"/>
        <pin num="10" name="A10/ADC0_DM0" type="BiDi"/>
        <pin num="11" name="A12/ADC0_DP3" type="BiDi"/>
        <pin num="12" name="A13/ADC0_DM3" type="BiDi"/>
        <pin num="13" name="VCCA" type="power_in"/>
        <pin num="14" name="VREF-H" type="input"/>
        <pin num="15" name="VREF-L" type="input"/>
        <pin num="16" name="VSSA" type="power_in"/>
        <pin num="17" name="VREF_OUT" type="power_out"/>
        <pin num="18" name="A14/DAC" type="BiDi"/>
        <pin num="19" name="XTAL32" type="BiDi"/>
        <pin num="20" name="EXTAL32" type="BiDi"/>
        <pin num="21" name="VBAT" type="power_in"/>
        <pin num="22" name="PTA0" type="BiDi"/>
        <pin num="23" name="PTA1" type="output"/>
        <pin num="24" name="PTA2" type="BiDi"/>
        <pin num="25" name="PTA3" type="BiDi"/>
        <pin num="26" name="D33/PWM/TOUCH" type="BiDi"/>
        <pin num="27" name="D24" type="BiDi"/>
        <pin num="28" name="D3/CAN-TX/PWM" type="BiDi"/>
        <pin num="29" name="D4/CAN-RX/PWM" type="BiDi"/>
        <pin num="30" name="VCC" type="power_in"/>
        <pin num="31" name="VSS" type="power_in"/>
        <pin num="32" name="OSC1" type="BiDi"/>
        <pin num="33" name="OSC2" type="BiDi"/>
        <pin num="34" name="RESET" type="BiDi"/>
        <pin num="35" name="D16/A2/TOUCH" type="BiDi"/>
        <pin num="36" name="D17/A3/TOUCH" type="BiDi"/>
        <pin num="37" name="D19/A5/SCL0/TOUCH" type="BiDi"/>
        <pin num="38" name="D18/A4/SDA0/TOUCH" type="BiDi"/>
        <pin num="39" name="D0/RX1/TOUCH" type="BiDi"/>
        <pin num="40" name="D1/TX1/TOUCH" type="BiDi"/>
        <pin num="41" name="D32/PWM/TOUCH" type="BiDi"/>
        <pin num="42" name="D25/PWM/TOUCH" type="BiDi"/>
        <pin num="43" name="D15/A1/TOUCH" type="BiDi"/>
        <pin num="44" name="D22/A8/PWM/TOUCH" type="BiDi"/>
        <pin num="45" name="D23/A9/PWM/TOUCH" type="BiDi"/>
        <pin num="46" name="D9/RX2/PWM" type="BiDi"/>
        <pin num="47" name="VSS" type="power_in"/>
        <pin num="48" name="VCC" type="power_in"/>
        <pin num="49" name="D10/TX2/PWM" type="BiDi"/>
        <pin num="50" name="D13/SCK/LED" type="BiDi"/>
        <pin num="51" name="D11/MOSI" type="BiDi"/>
        <pin num="52" name="D12/MISO" type="BiDi"/>
        <pin num="53" name="D28/A17" type="BiDi"/>
        <pin num="54" name="D27/A16" type="BiDi"/>
        <pin num="55" name="D29/A18/SCL1" type="BiDi"/>
        <pin num="56" name="D30/A19/SDA1" type="BiDi"/>
        <pin num="57" name="D2" type="BiDi"/>
        <pin num="58" name="D14/A0" type="BiDi"/>
        <pin num="59" name="D7/RX3" type="BiDi"/>
        <pin num="60" name="D8/TX3" type="BiDi"/>
        <pin num="61" name="D6/PWM" type="BiDi"/>
        <pin num="62" name="D20/A6/PWM" type="BiDi"/>
        <pin num="63" name="D21/A7/PWM" type="BiDi"/>
        <pin num="64" name="D5/PWM" type="BiDi"/>
      </pins>
    </libpart>
    <libpart lib="mpu-6050" part="MPU-6050">
      <fields>
        <field name="Reference">U</field>
        <field name="Value">MPU-6050</field>
      </fields>
      <pins>
        <pin num="1" name="CLKIN" type="input"/>
        <pin num="2" name="NC" type="NotConnected"/>
        <pin num="3" name="NC" type="NotConnected"/>
        <pin num="4" name="NC" type="NotConnected"/>
        <pin num="5" name="NC" type="NotConnected"/>
        <pin num="6" name="AUX_DA" type="BiDi"/>
        <pin num="7" name="AUX_CL" type="BiDi"/>
        <pin num="8" name="VLOGIC" type="power_in"/>
        <pin num="9" name="AD0" type="input"/>
        <pin num="10" name="REGOUT" type="output"/>
        <pin num="11" name="FSYNC" type="input"/>
        <pin num="12" name="INT" type="output"/>
        <pin num="13" name="VDD" type="power_in"/>
        <pin num="14" name="NC" type="NotConnected"/>
        <pin num="15" name="NC" type="NotConnected"/>
        <pin num="16" name="NC" type="NotConnected"/>
        <pin num="17" name="NC" type="NotConnected"/>
        <pin num="18" name="GND" type="power_in"/>
        <pin num="19" name="RESV" type="NotConnected"/>
        <pin num="20" name="CPOUT" type="output"/>
        <pin num="21" name="RESV" type="NotConnected"/>
        <pin num="22" name="RESV" type="NotConnected"/>
        <pin num="23" name="SCL" type="BiDi"/>
        <pin num="24" name="SDA" type="BiDi"/>
      </pins>
    </libpart>
    <libpart lib="voltageRegulators" part="NCP177">
      <fields>
        <field name="Reference">U</field>
        <field name="Value">NCP177</field>
      </fields>
      <pins>
        <pin num="1" name="OUT" type="power_out"/>
        <pin num="2" name="GND" type="power_in"/>
        <pin num="3" name="EN" type="input"/>
        <pin num="4" name="IN" type="power_in"/>
        <pin num="5" name="EPAD" type="power_in"/>
      </pins>
    </libpart>
    <libpart lib="device" part="Q_PMOS_GSD">
      <description>Transistor P-MOSFET (general)</description>
      <fields>
        <field name="Reference">Q</field>
        <field name="Value">Q_PMOS_GSD</field>
      </fields>
      <pins>
        <pin num="1" name="G" type="input"/>
        <pin num="2" name="S" type="passive"/>
        <pin num="3" name="D" type="passive"/>
      </pins>
    </libpart>
    <libpart lib="device" part="R">
      <description>Resistor</description>
      <footprints>
        <fp>R_*</fp>
        <fp>Resistor_*</fp>
      </footprints>
      <fields>
        <field name="Reference">R</field>
        <field name="Value">R</field>
      </fields>
      <pins>
        <pin num="1" name="~" type="passive"/>
        <pin num="2" name="~" type="passive"/>
      </pins>
    </libpart>
    <libpart lib="device" part="R_Small">
      <description>Resistor</description>
      <footprints>
        <fp>Resistor_*</fp>
        <fp>R_*</fp>
      </footprints>
      <fields>
        <field name="Reference">R</field>
        <field name="Value">R_Small</field>
      </fields>
      <pins>
        <pin num="1" name="~" type="passive"/>
        <pin num="2" name="~" type="passive"/>
      </pins>
    </libpart>
    <libpart lib="Swing Forge V2 Mainboard-cache" part="SMALL_PUSH_SW-RESCUE-Swing_Forge_V2_Mainboard">
      <fields>
        <field name="Reference">SW</field>
        <field name="Value">SMALL_PUSH_SW-RESCUE-Swing_Forge_V2_Mainboard</field>
      </fields>
      <pins>
        <pin num="1" name="~" type="passive"/>
        <pin num="2" name="~" type="passive"/>
      </pins>
    </libpart>
    <libpart lib="device" part="SW_PUSH">
      <description>Button</description>
      <fields>
        <field name="Reference">SW</field>
        <field name="Value">SW_PUSH</field>
      </fields>
      <pins>
        <pin num="1" name="1" type="passive"/>
        <pin num="2" name="2" type="passive"/>
      </pins>
    </libpart>
    <libpart lib="Swing Forge V2 Mainboard-rescue" part="TP_1-RESCUE-Swing_Forge_V2_Mainboard">
      <fields>
        <field name="Reference">TP</field>
        <field name="Value">TP_1-RESCUE-Swing_Forge_V2_Mainboard</field>
      </fields>
      <pins>
        <pin num="1" name="1" type="input"/>
      </pins>
    </libpart>
    <libpart lib="conn" part="USB_OTG">
      <description>micro/mini connector</description>
      <footprints>
        <fp>USB*</fp>
      </footprints>
      <fields>
        <field name="Reference">P</field>
        <field name="Value">USB_OTG</field>
      </fields>
      <pins>
        <pin num="1" name="VCC" type="power_out"/>
        <pin num="2" name="D-" type="passive"/>
        <pin num="3" name="D+" type="passive"/>
        <pin num="4" name="ID" type="power_in"/>
        <pin num="5" name="GND" type="power_in"/>
        <pin num="6" name="shield" type="passive"/>
      </pins>
    </libpart>
    <libpart lib="w25q128fv" part="W25Q128FV">
      <fields>
        <field name="Reference">U</field>
        <field name="Value">W25Q128FV</field>
      </fields>
      <pins>
        <pin num="1" name="/CS" type="input"/>
        <pin num="2" name="DO" type="output"/>
        <pin num="3" name="/WP" type="input"/>
        <pin num="4" name="GND" type="power_in"/>
        <pin num="5" name="DI" type="input"/>
        <pin num="6" name="CLK" type="input"/>
        <pin num="7" name="/HOLD" type="input"/>
        <pin num="8" name="VCC" type="power_in"/>
      </pins>
    </libpart>
  </libparts>
  <libraries>
    <library logical="device">
      <uri>C:\Program Files\KiCad\share\kicad\library\device.lib</uri>
    </library>
    <library logical="conn">
      <uri>C:\Program Files\KiCad\share\kicad\library\conn.lib</uri>
    </library>
    <library logical="Swing Forge V2 Mainboard-rescue">
      <uri>Swing Forge V2 Mainboard-rescue.lib</uri>
    </library>
    <library logical="dmn2215udm">
      <uri>C:\Users\Tyler\OneDrive\KiCad\dmn2215udm.lib</uri>
    </library>
    <library logical="mpu-6050">
      <uri>C:\Users\Tyler\OneDrive\KiCad\mpu-6050.lib</uri>
    </library>
    <library logical="AudioAmpICs">
      <uri>C:\Users\tyler\OneDrive\KiCad\AudioAmpICs.lib</uri>
    </library>
    <library logical="Digipots">
      <uri>C:\Users\tyler\OneDrive\KiCad\Digipots.lib</uri>
    </library>
    <library logical="mdbt40">
      <uri>C:\Users\Tyler\OneDrive\KiCad\mdbt40.lib</uri>
    </library>
    <library logical="CustomLEDs">
      <uri>C:\Users\tyler\OneDrive\KiCad\CustomLEDs.lib</uri>
    </library>
    <library logical="MK20DX256VLH7">
      <uri>C:\Users\tyler\OneDrive\KiCad\MK20DX256VLH7\MK20DX256VLH7.lib</uri>
    </library>
    <library logical="Swing Forge V2 Mainboard-cache">
      <uri>C:\Users\Tyler\OneDrive\Contracting\Swing Forge V2\SwingForge-Electronics\Mainboard\Swing Forge V2 Mainboard-cache.lib</uri>
    </library>
    <library logical="voltageRegulators">
      <uri>C:\Users\tyler\OneDrive\KiCad\voltageRegulators.lib</uri>
    </library>
    <library logical="w25q128fv">
      <uri>C:\Users\Tyler\OneDrive\KiCad\w25q128fv.lib</uri>
    </library>
  </libraries>
  <nets>
    <net code="1" name="/MotorDrivers/MOT_OUT_2">
      <node ref="P1" pin="3"/>
      <node ref="U9" pin="4"/>
    </net>
    <net code="2" name="/MotorDrivers/MOT_OUT_3">
      <node ref="U10" pin="6"/>
      <node ref="P1" pin="4"/>
    </net>
    <net code="3" name="/MotorDrivers/MOT_OUT_4">
      <node ref="U10" pin="4"/>
      <node ref="P1" pin="5"/>
    </net>
    <net code="4" name="/MotorDrivers/MOT_OUT_5">
      <node ref="P1" pin="6"/>
      <node ref="U11" pin="6"/>
    </net>
    <net code="5" name="/MotorDrivers/MOT_OUT_6">
      <node ref="U11" pin="4"/>
      <node ref="P1" pin="7"/>
    </net>
    <net code="6" name="/MotorDrivers/MOT_OUT_7">
      <node ref="U12" pin="6"/>
      <node ref="P1" pin="8"/>
    </net>
    <net code="7" name="/Lipo_System/USB_ID">
      <node ref="TP3" pin="1"/>
      <node ref="P2" pin="4"/>
      <node ref="U1" pin="23"/>
    </net>
    <net code="8" name="/Lipo_System/USB_D+">
      <node ref="R7" pin="1"/>
      <node ref="U1" pin="5"/>
    </net>
    <net code="9" name="/Lipo_System/USB_D-">
      <node ref="U1" pin="6"/>
      <node ref="R6" pin="1"/>
    </net>
    <net code="10" name="/MotorDrivers/MOT_OUT_1">
      <node ref="U9" pin="6"/>
      <node ref="P1" pin="2"/>
    </net>
    <net code="11" name="SCK">
      <node ref="U2" pin="6"/>
      <node ref="TP13" pin="1"/>
      <node ref="U7" pin="26"/>
      <node ref="U1" pin="50"/>
    </net>
    <net code="12" name="MISO">
      <node ref="U7" pin="29"/>
      <node ref="U2" pin="2"/>
      <node ref="TP12" pin="1"/>
      <node ref="U1" pin="52"/>
    </net>
    <net code="13" name="MOSI">
      <node ref="U7" pin="27"/>
      <node ref="U1" pin="51"/>
      <node ref="U2" pin="5"/>
      <node ref="TP11" pin="1"/>
    </net>
    <net code="14" name="Net-(U1-Pad33)">
      <node ref="U1" pin="33"/>
      <node ref="X1" pin="2"/>
    </net>
    <net code="15" name="Net-(U1-Pad32)">
      <node ref="U1" pin="32"/>
      <node ref="X1" pin="1"/>
    </net>
    <net code="16" name="/MotorDrivers/MOT_IN_6">
      <node ref="R33" pin="2"/>
      <node ref="U1" pin="29"/>
    </net>
    <net code="17" name="/Lipo_System/PWR_CTRL">
      <node ref="R13" pin="2"/>
      <node ref="U1" pin="26"/>
    </net>
    <net code="18" name="/BLE/BLE_CS">
      <node ref="TP14" pin="1"/>
      <node ref="U1" pin="53"/>
      <node ref="U7" pin="28"/>
    </net>
    <net code="19" name="/MotorDrivers/MOT_IN_7">
      <node ref="U1" pin="28"/>
      <node ref="R34" pin="2"/>
    </net>
    <net code="20" name="/DAC_audio_system/DAC_SIGNAL">
      <node ref="U1" pin="18"/>
      <node ref="C15" pin="2"/>
    </net>
    <net code="21" name="/DAC_audio_system/Speaker_OUT+">
      <node ref="P1" pin="10"/>
      <node ref="U6" pin="A1"/>
    </net>
    <net code="22" name="/DAC_audio_system/Speaker_OUT-">
      <node ref="U6" pin="C1"/>
      <node ref="R18" pin="1"/>
      <node ref="P1" pin="9"/>
    </net>
    <net code="23" name="Net-(TP2-Pad1)">
      <node ref="TP2" pin="1"/>
      <node ref="U1" pin="22"/>
    </net>
    <net code="24" name="Net-(TP5-Pad1)">
      <node ref="U1" pin="25"/>
      <node ref="TP5" pin="1"/>
    </net>
    <net code="25" name="Net-(TP4-Pad1)">
      <node ref="U1" pin="24"/>
      <node ref="TP4" pin="1"/>
    </net>
    <net code="26" name="Net-(TP1-Pad1)">
      <node ref="TP1" pin="1"/>
      <node ref="U1" pin="34"/>
    </net>
    <net code="27" name="Net-(C4-Pad1)">
      <node ref="U1" pin="17"/>
      <node ref="C4" pin="1"/>
    </net>
    <net code="28" name="/LED_R">
      <node ref="R5" pin="2"/>
      <node ref="U1" pin="61"/>
    </net>
    <net code="29" name="/MotorDrivers/MOT_IN_3">
      <node ref="U1" pin="44"/>
      <node ref="R30" pin="2"/>
    </net>
    <net code="30" name="/MotorDrivers/MOT_IN_5">
      <node ref="U1" pin="41"/>
      <node ref="R32" pin="2"/>
    </net>
    <net code="31" name="Net-(U1-Pad54)">
      <node ref="U1" pin="54"/>
    </net>
    <net code="32" name="/FlashMemory/FLASH_CS">
      <node ref="U1" pin="49"/>
      <node ref="U2" pin="1"/>
      <node ref="TP10" pin="1"/>
    </net>
    <net code="33" name="/LED_G">
      <node ref="D1" pin="2"/>
      <node ref="U1" pin="62"/>
    </net>
    <net code="34" name="/MotorDrivers/MOT_IN_2">
      <node ref="U1" pin="45"/>
      <node ref="R29" pin="2"/>
    </net>
    <net code="35" name="/MotorDrivers/MOT_IN_4">
      <node ref="R31" pin="2"/>
      <node ref="U1" pin="42"/>
    </net>
    <net code="36" name="/MotorDrivers/MOT_IN_1">
      <node ref="U1" pin="46"/>
      <node ref="R28" pin="2"/>
    </net>
    <net code="37" name="/VOL_DOWN">
      <node ref="U1" pin="1"/>
      <node ref="SW2" pin="1"/>
    </net>
    <net code="38" name="+BATT">
      <node ref="P1" pin="1"/>
      <node ref="R17" pin="1"/>
      <node ref="U4" pin="3"/>
      <node ref="C16" pin="1"/>
      <node ref="R14" pin="1"/>
      <node ref="U4" pin="4"/>
      <node ref="Q1" pin="3"/>
      <node ref="U6" pin="B3"/>
      <node ref="C17" pin="1"/>
      <node ref="R16" pin="1"/>
      <node ref="R1" pin="2"/>
      <node ref="C29" pin="1"/>
    </net>
    <net code="39" name="GND">
      <node ref="U9" pin="5"/>
      <node ref="C10" pin="2"/>
      <node ref="R9" pin="2"/>
      <node ref="R11" pin="1"/>
      <node ref="R17" pin="2"/>
      <node ref="U12" pin="2"/>
      <node ref="U9" pin="2"/>
      <node ref="Q2" pin="1"/>
      <node ref="C11" pin="2"/>
      <node ref="P2" pin="5"/>
      <node ref="P2" pin="6"/>
      <node ref="C7" pin="2"/>
      <node ref="C8" pin="2"/>
      <node ref="BT1" pin="2"/>
      <node ref="Q2" pin="4"/>
      <node ref="U2" pin="4"/>
      <node ref="U3" pin="2"/>
      <node ref="C9" pin="2"/>
      <node ref="C22" pin="2"/>
      <node ref="C19" pin="2"/>
      <node ref="C20" pin="2"/>
      <node ref="R19" pin="2"/>
      <node ref="C24" pin="2"/>
      <node ref="C21" pin="2"/>
      <node ref="C23" pin="2"/>
      <node ref="U7" pin="25"/>
      <node ref="U7" pin="13"/>
      <node ref="U7" pin="42"/>
      <node ref="U7" pin="2"/>
      <node ref="U7" pin="1"/>
      <node ref="U4" pin="5"/>
      <node ref="C25" pin="1"/>
      <node ref="U8" pin="18"/>
      <node ref="C14" pin="2"/>
      <node ref="U4" pin="2"/>
      <node ref="U10" pin="5"/>
      <node ref="C28" pin="1"/>
      <node ref="C13" pin="2"/>
      <node ref="U10" pin="2"/>
      <node ref="U11" pin="5"/>
      <node ref="U11" pin="2"/>
      <node ref="C12" pin="2"/>
      <node ref="U12" pin="5"/>
      <node ref="C26" pin="1"/>
      <node ref="C27" pin="1"/>
      <node ref="U12" pin="3"/>
      <node ref="U8" pin="9"/>
      <node ref="C2" pin="2"/>
      <node ref="U1" pin="47"/>
      <node ref="C5" pin="2"/>
      <node ref="C3" pin="2"/>
      <node ref="C6" pin="2"/>
      <node ref="C29" pin="2"/>
      <node ref="C17" pin="2"/>
      <node ref="C18" pin="2"/>
      <node ref="U6" pin="A3"/>
      <node ref="U5" pin="2"/>
      <node ref="U6" pin="B2"/>
      <node ref="U6" pin="B1"/>
      <node ref="C16" pin="2"/>
      <node ref="U5" pin="3"/>
      <node ref="C4" pin="2"/>
      <node ref="X1" pin="3"/>
      <node ref="SW1" pin="2"/>
      <node ref="C1" pin="2"/>
      <node ref="SW2" pin="2"/>
      <node ref="U1" pin="15"/>
      <node ref="U1" pin="31"/>
      <node ref="U1" pin="16"/>
      <node ref="U1" pin="4"/>
      <node ref="R2" pin="2"/>
    </net>
    <net code="40" name="Net-(U1-Pad36)">
      <node ref="U1" pin="36"/>
    </net>
    <net code="41" name="/MotionBoard/MPU_INT">
      <node ref="U8" pin="12"/>
      <node ref="U1" pin="64"/>
    </net>
    <net code="42" name="/VOL_UP">
      <node ref="SW1" pin="1"/>
      <node ref="U1" pin="12"/>
    </net>
    <net code="43" name="Net-(R1-Pad1)">
      <node ref="U1" pin="11"/>
      <node ref="R1" pin="1"/>
      <node ref="R2" pin="1"/>
    </net>
    <net code="44" name="Net-(U1-Pad40)">
      <node ref="U1" pin="40"/>
    </net>
    <net code="45" name="Net-(U1-Pad39)">
      <node ref="U1" pin="39"/>
    </net>
    <net code="46" name="/LED_B">
      <node ref="U1" pin="63"/>
      <node ref="D1" pin="3"/>
    </net>
    <net code="47" name="Net-(U1-Pad10)">
      <node ref="U1" pin="10"/>
    </net>
    <net code="48" name="Net-(U1-Pad56)">
      <node ref="U1" pin="56"/>
    </net>
    <net code="49" name="Net-(U1-Pad55)">
      <node ref="U1" pin="55"/>
    </net>
    <net code="50" name="Net-(U1-Pad2)">
      <node ref="U1" pin="2"/>
    </net>
    <net code="51" name="Net-(U1-Pad43)">
      <node ref="U1" pin="43"/>
    </net>
    <net code="52" name="Net-(U1-Pad58)">
      <node ref="U1" pin="58"/>
    </net>
    <net code="53" name="Net-(U1-Pad60)">
      <node ref="U1" pin="60"/>
    </net>
    <net code="54" name="Net-(U1-Pad59)">
      <node ref="U1" pin="59"/>
    </net>
    <net code="55" name="Net-(U1-Pad57)">
      <node ref="U1" pin="57"/>
    </net>
    <net code="56" name="Net-(U1-Pad9)">
      <node ref="U1" pin="9"/>
    </net>
    <net code="57" name="/DAC_audio_system/AUDIO_SHUTDOWN">
      <node ref="U1" pin="35"/>
      <node ref="U6" pin="A2"/>
    </net>
    <net code="58" name="Net-(D1-Pad1)">
      <node ref="R5" pin="1"/>
      <node ref="D1" pin="1"/>
    </net>
    <net code="59" name="Net-(TP15-Pad1)">
      <node ref="TP15" pin="1"/>
      <node ref="U1" pin="27"/>
    </net>
    <net code="60" name="Net-(U1-Pad20)">
      <node ref="U1" pin="20"/>
    </net>
    <net code="61" name="Net-(U1-Pad8)">
      <node ref="U1" pin="8"/>
    </net>
    <net code="62" name="+3V3">
      <node ref="C6" pin="1"/>
      <node ref="R20" pin="2"/>
      <node ref="R3" pin="1"/>
      <node ref="R4" pin="1"/>
      <node ref="C26" pin="2"/>
      <node ref="D1" pin="4"/>
      <node ref="C5" pin="1"/>
      <node ref="C3" pin="1"/>
      <node ref="C2" pin="1"/>
      <node ref="U7" pin="14"/>
      <node ref="U1" pin="48"/>
      <node ref="U1" pin="21"/>
      <node ref="C25" pin="2"/>
      <node ref="U8" pin="13"/>
      <node ref="C14" pin="1"/>
      <node ref="U4" pin="1"/>
      <node ref="C13" pin="1"/>
      <node ref="C7" pin="1"/>
      <node ref="C8" pin="1"/>
      <node ref="U2" pin="3"/>
      <node ref="U2" pin="7"/>
      <node ref="U2" pin="8"/>
      <node ref="U1" pin="13"/>
      <node ref="U8" pin="8"/>
      <node ref="U1" pin="14"/>
      <node ref="U1" pin="30"/>
      <node ref="U5" pin="6"/>
      <node ref="U1" pin="7"/>
      <node ref="U1" pin="3"/>
      <node ref="C1" pin="1"/>
    </net>
    <net code="63" name="SDA">
      <node ref="R3" pin="2"/>
      <node ref="TP8" pin="1"/>
      <node ref="U1" pin="37"/>
      <node ref="U8" pin="24"/>
      <node ref="U5" pin="4"/>
    </net>
    <net code="64" name="SCL">
      <node ref="R4" pin="2"/>
      <node ref="TP9" pin="1"/>
      <node ref="U8" pin="23"/>
      <node ref="U1" pin="38"/>
      <node ref="U5" pin="5"/>
    </net>
    <net code="65" name="Net-(U1-Pad19)">
      <node ref="U1" pin="19"/>
    </net>
    <net code="66" name="Net-(C18-Pad1)">
      <node ref="C18" pin="1"/>
      <node ref="U6" pin="C2"/>
    </net>
    <net code="67" name="Net-(U5-Pad7)">
      <node ref="U5" pin="7"/>
      <node ref="U6" pin="C3"/>
    </net>
    <net code="68" name="Net-(R18-Pad2)">
      <node ref="U5" pin="1"/>
      <node ref="R18" pin="2"/>
    </net>
    <net code="69" name="Net-(C15-Pad1)">
      <node ref="U5" pin="8"/>
      <node ref="C15" pin="1"/>
    </net>
    <net code="70" name="Net-(Q2-Pad3)">
      <node ref="Q2" pin="3"/>
      <node ref="R15" pin="2"/>
      <node ref="SW3" pin="2"/>
    </net>
    <net code="71" name="Net-(C11-Pad1)">
      <node ref="Q2" pin="5"/>
      <node ref="C12" pin="1"/>
      <node ref="C11" pin="1"/>
      <node ref="R16" pin="2"/>
    </net>
    <net code="72" name="Net-(P2-Pad3)">
      <node ref="R7" pin="2"/>
      <node ref="P2" pin="3"/>
    </net>
    <net code="73" name="Net-(P2-Pad2)">
      <node ref="P2" pin="2"/>
      <node ref="R6" pin="2"/>
    </net>
    <net code="74" name="Net-(Q2-Pad2)">
      <node ref="Q2" pin="2"/>
      <node ref="R14" pin="2"/>
      <node ref="R13" pin="1"/>
      <node ref="SW3" pin="1"/>
    </net>
    <net code="75" name="Net-(C9-Pad1)">
      <node ref="U3" pin="4"/>
      <node ref="P2" pin="1"/>
      <node ref="C9" pin="1"/>
      <node ref="R10" pin="2"/>
      <node ref="R8" pin="2"/>
    </net>
    <net code="76" name="Net-(R11-Pad2)">
      <node ref="U3" pin="5"/>
      <node ref="R11" pin="2"/>
    </net>
    <net code="77" name="Net-(D3-Pad1)">
      <node ref="R9" pin="1"/>
      <node ref="D3" pin="1"/>
    </net>
    <net code="78" name="Net-(D2-Pad2)">
      <node ref="R8" pin="1"/>
      <node ref="D2" pin="2"/>
    </net>
    <net code="79" name="Net-(D2-Pad1)">
      <node ref="D2" pin="1"/>
      <node ref="U3" pin="1"/>
      <node ref="D3" pin="2"/>
    </net>
    <net code="80" name="Net-(Q1-Pad1)">
      <node ref="R12" pin="2"/>
      <node ref="Q2" pin="6"/>
      <node ref="Q1" pin="1"/>
    </net>
    <net code="81" name="/Lipo_System/PWR_IN">
      <node ref="C10" pin="1"/>
      <node ref="Q1" pin="2"/>
      <node ref="U3" pin="3"/>
      <node ref="R10" pin="1"/>
      <node ref="R12" pin="1"/>
      <node ref="R15" pin="1"/>
      <node ref="BT1" pin="1"/>
    </net>
    <net code="82" name="Net-(U8-Pad17)">
      <node ref="U8" pin="17"/>
    </net>
    <net code="83" name="Net-(U8-Pad16)">
      <node ref="U8" pin="16"/>
    </net>
    <net code="84" name="Net-(U8-Pad15)">
      <node ref="U8" pin="15"/>
    </net>
    <net code="85" name="Net-(U8-Pad14)">
      <node ref="U8" pin="14"/>
    </net>
    <net code="86" name="Net-(U8-Pad22)">
      <node ref="U8" pin="22"/>
    </net>
    <net code="87" name="Net-(U8-Pad19)">
      <node ref="U8" pin="19"/>
    </net>
    <net code="88" name="Net-(U8-Pad1)">
      <node ref="U8" pin="1"/>
    </net>
    <net code="89" name="Net-(U8-Pad11)">
      <node ref="U8" pin="11"/>
    </net>
    <net code="90" name="Net-(U8-Pad6)">
      <node ref="U8" pin="6"/>
    </net>
    <net code="91" name="Net-(U8-Pad7)">
      <node ref="U8" pin="7"/>
    </net>
    <net code="92" name="Net-(U8-Pad5)">
      <node ref="U8" pin="5"/>
    </net>
    <net code="93" name="Net-(U8-Pad2)">
      <node ref="U8" pin="2"/>
    </net>
    <net code="94" name="Net-(U8-Pad3)">
      <node ref="U8" pin="3"/>
    </net>
    <net code="95" name="Net-(U8-Pad4)">
      <node ref="U8" pin="4"/>
    </net>
    <net code="96" name="Net-(C27-Pad2)">
      <node ref="U8" pin="10"/>
      <node ref="C27" pin="2"/>
    </net>
    <net code="97" name="Net-(U8-Pad21)">
      <node ref="U8" pin="21"/>
    </net>
    <net code="98" name="Net-(C28-Pad2)">
      <node ref="U8" pin="20"/>
      <node ref="C28" pin="2"/>
    </net>
    <net code="99" name="Net-(C24-Pad1)">
      <node ref="U7" pin="10"/>
      <node ref="C24" pin="1"/>
      <node ref="X2" pin="2"/>
    </net>
    <net code="100" name="Net-(C23-Pad1)">
      <node ref="C23" pin="1"/>
      <node ref="U7" pin="9"/>
      <node ref="X2" pin="1"/>
    </net>
    <net code="101" name="/BLE/DCC">
      <node ref="U7" pin="15"/>
      <node ref="L1" pin="1"/>
    </net>
    <net code="102" name="Net-(C20-Pad1)">
      <node ref="U7" pin="3"/>
      <node ref="L2" pin="2"/>
      <node ref="C22" pin="1"/>
      <node ref="R20" pin="1"/>
      <node ref="C21" pin="1"/>
      <node ref="C20" pin="1"/>
    </net>
    <net code="103" name="Net-(U7-Pad16)">
      <node ref="U7" pin="16"/>
    </net>
    <net code="104" name="Net-(U7-Pad17)">
      <node ref="U7" pin="17"/>
    </net>
    <net code="105" name="Net-(U7-Pad37)">
      <node ref="U7" pin="37"/>
    </net>
    <net code="106" name="Net-(U7-Pad18)">
      <node ref="U7" pin="18"/>
    </net>
    <net code="107" name="Net-(U7-Pad38)">
      <node ref="U7" pin="38"/>
    </net>
    <net code="108" name="Net-(U7-Pad19)">
      <node ref="U7" pin="19"/>
    </net>
    <net code="109" name="Net-(U7-Pad39)">
      <node ref="U7" pin="39"/>
    </net>
    <net code="110" name="Net-(U7-Pad35)">
      <node ref="U7" pin="35"/>
    </net>
    <net code="111" name="Net-(L1-Pad2)">
      <node ref="L2" pin="1"/>
      <node ref="L1" pin="2"/>
    </net>
    <net code="112" name="Net-(U7-Pad40)">
      <node ref="U7" pin="40"/>
    </net>
    <net code="113" name="Net-(U7-Pad34)">
      <node ref="U7" pin="34"/>
    </net>
    <net code="114" name="Net-(U7-Pad33)">
      <node ref="U7" pin="33"/>
    </net>
    <net code="115" name="Net-(U7-Pad32)">
      <node ref="U7" pin="32"/>
    </net>
    <net code="116" name="Net-(U7-Pad31)">
      <node ref="U7" pin="31"/>
    </net>
    <net code="117" name="Net-(U7-Pad21)">
      <node ref="U7" pin="21"/>
    </net>
    <net code="118" name="Net-(U7-Pad4)">
      <node ref="U7" pin="4"/>
    </net>
    <net code="119" name="Net-(U7-Pad5)">
      <node ref="U7" pin="5"/>
    </net>
    <net code="120" name="Net-(U7-Pad6)">
      <node ref="U7" pin="6"/>
    </net>
    <net code="121" name="Net-(U7-Pad7)">
      <node ref="U7" pin="7"/>
    </net>
    <net code="122" name="Net-(U7-Pad8)">
      <node ref="U7" pin="8"/>
    </net>
    <net code="123" name="Net-(U7-Pad20)">
      <node ref="U7" pin="20"/>
    </net>
    <net code="124" name="Net-(U7-Pad30)">
      <node ref="U7" pin="30"/>
    </net>
    <net code="125" name="Net-(U7-Pad11)">
      <node ref="U7" pin="11"/>
    </net>
    <net code="126" name="Net-(C19-Pad1)">
      <node ref="U7" pin="41"/>
      <node ref="C19" pin="1"/>
    </net>
    <net code="127" name="Net-(U7-Pad12)">
      <node ref="U7" pin="12"/>
    </net>
    <net code="128" name="Net-(U7-Pad22)">
      <node ref="U7" pin="22"/>
    </net>
    <net code="129" name="Net-(U7-Pad23)">
      <node ref="U7" pin="23"/>
    </net>
    <net code="130" name="Net-(U7-Pad24)">
      <node ref="U7" pin="24"/>
    </net>
    <net code="131" name="Net-(R19-Pad1)">
      <node ref="U7" pin="36"/>
      <node ref="R19" pin="1"/>
    </net>
    <net code="132" name="Net-(R29-Pad1)">
      <node ref="U9" pin="3"/>
      <node ref="R29" pin="1"/>
    </net>
    <net code="133" name="Net-(R30-Pad1)">
      <node ref="U10" pin="1"/>
      <node ref="R30" pin="1"/>
    </net>
    <net code="134" name="Net-(R31-Pad1)">
      <node ref="R31" pin="1"/>
      <node ref="U10" pin="3"/>
    </net>
    <net code="135" name="Net-(R32-Pad1)">
      <node ref="R32" pin="1"/>
      <node ref="U11" pin="1"/>
    </net>
    <net code="136" name="Net-(R33-Pad1)">
      <node ref="R33" pin="1"/>
      <node ref="U11" pin="3"/>
    </net>
    <net code="137" name="Net-(R34-Pad1)">
      <node ref="R34" pin="1"/>
      <node ref="U12" pin="1"/>
    </net>
    <net code="138" name="Net-(R28-Pad1)">
      <node ref="U9" pin="1"/>
      <node ref="R28" pin="1"/>
    </net>
    <net code="139" name="Net-(U12-Pad4)">
      <node ref="U12" pin="4"/>
    </net>
  </nets>
</export>
