Reference, Value, Footprint, Datasheet, manf#
C18,0.1uF,Capacitors_SMD:C_0603,,
C2,0.1uF,Capacitors_SMD:C_0603,,
C22,0.1uF,Capacitors_SMD:C_0603,,
C26,0.1uF,Capacitors_SMD:C_0603,,
C27,0.1uF,Capacitors_SMD:C_0603,,
C3,0.1uF,Capacitors_SMD:C_0603,,
C4,0.1uF,Capacitors_SMD:C_0603,,
C5,0.1uF,Capacitors_SMD:C_0603,,
C6,0.1uF,Capacitors_SMD:C_0603,,
C7,0.1uF,Capacitors_SMD:C_0603,,
R10,0R,Resistors_SMD:R_0603,,
R20,0R,Resistors_SMD:R_0603,,
R12,100k,Resistors_SMD:R_0603,,
R14,100k,Resistors_SMD:R_0603,,
R15,100k,Resistors_SMD:R_0603,,
R18,100k,Resistors_SMD:R_0603,,
C21,100pF,Capacitors_SMD:C_0603,,
R17,10k,Resistors_SMD:R_0603,,
R2,10k,Resistors_SMD:R_0603,,
C10,10uF,Capacitors_SMD:C_0603,,
C13,10uF,Capacitors_SMD:C_0603,,
C15,10uF,Capacitors_SMD:C_0603,,
C16,10uF,Capacitors_SMD:C_0603,,
C29,10uF,Capacitors_SMD:C_0603,,
C8,10uF,Capacitors_SMD:C_0603,,
C9,10uF,Capacitors_SMD:C_0603,,
L1,10uH,Capacitors_SMD:C_0603,,
R19,12k,Resistors_SMD:R_0603,,
C23,12pF,Capacitors_SMD:C_0603,,
C24,12pF,Capacitors_SMD:C_0603,,
R28,150R,Resistors_SMD:R_0603,,
R29,150R,Resistors_SMD:R_0603,,
R30,150R,Resistors_SMD:R_0603,,
R31,150R,Resistors_SMD:R_0603,,
R32,150R,Resistors_SMD:R_0603,,
R33,150R,Resistors_SMD:R_0603,,
R34,150R,Resistors_SMD:R_0603,,
R5,150R,Resistors_SMD:R_0603,,
R8,150R,Resistors_SMD:R_0603,,
R9,150R,Resistors_SMD:R_0603,,
L2,15nH,Capacitors_SMD:C_0603,,
X1,16 MHz,Crystals:crystal_FA238-TSX3225,,
R13,1k,Resistors_SMD:R_0603,,
R16,1M,Resistors_SMD:R_0603,,
C17,1uF,Capacitors_SMD:C_0603,,
C20,1uF,Capacitors_SMD:C_0603,,
C25,1uF,Capacitors_SMD:C_0603,,
C28,2.2nF,Capacitors_SMD:C_0603,,
C1,2.2uF,Capacitors_SMD:C_0603,,
C14,2.2uF,Capacitors_SMD:C_0603,,
C11,22uF,Capacitors_SMD:C_0603,,
C12,22uF,Capacitors_SMD:C_0603,,
R11,2k0,Resistors_SMD:R_0603,,
R1,30k1,Resistors_SMD:R_0603,,
X2,32.768kHz,Crystal_Custom:ABS07AIG,,
R6,33R,Resistors_SMD:R_0603,,
R7,33R,Resistors_SMD:R_0603,,
C19,47nF,Capacitors_SMD:C_0603,,
R3,5k1,Resistors_SMD:R_0603,,
R4,5k1,Resistors_SMD:R_0603,,
TP14,BLE_CS,Measurement_Points:Measurement_Point_Round-SMD-Pad_Small,,
TP2,CLK,Measurement_Points:Measurement_Point_Round-SMD-Pad_Small,,
U10,DMN2215UDM,SOT_Custom:SOT-26,,
U11,DMN2215UDM,SOT_Custom:SOT-26,,
U12,DMN2215UDM,SOT_Custom:SOT-26,,
U9,DMN2215UDM,SOT_Custom:SOT-26,,
TP10,FLASH_CS,Measurement_Points:Measurement_Point_Round-SMD-Pad_Small,,
P1,FPC Connector,Connectors_Custom:TE_1-1775333-0_FPC_Socket_10pin,,
D3,GREEN,LEDS_SMD_Custom:LTST-S270,,
D1,LED_RGBA,LEDS_SMD_Custom:LTST-S310,,
BT1,Lipo 1S 1Ah,Pin_Headers_github:Pin_Header_Straight_1x02_Pitch2.00mm,,
U5,MAX5395LATA,SparkFun-PowerIC:TDFN-8,,
U6,MAX98309,Audio_Amplifiers_Custom:MAX38309,,
Q2,MBT2222ADW,SOT_Custom:SOT-363,,
U3,MCP73831,SparkFun-DigitalIC:SOT23-5,,
U7,MDBT40,MDBT40:MDBT40,,
TP12,MISO,Measurement_Points:Measurement_Point_Round-SMD-Pad_Small,,
U1,MK20DX256VLH7,MK20DX256VLH7:QFP50P1200X1200X160-64N,,
TP11,MOSI,Measurement_Points:Measurement_Point_Round-SMD-Pad_Small,,
U8,MPU-6050,Sensors_Custom:MPU-6050_QFN-24,,
U4,NCP177,Regulators_Custom:XDFN4_1x1mm_for_NCP177,,
Q1,P-MOS,TO_SOT_Packages_SMD:SOT-23,,
D2,RED,LEDS_SMD_Custom:LTST-S270,,
TP1,RST,Measurement_Points:Measurement_Point_Round-SMD-Pad_Small,,
TP13,SCK,Measurement_Points:Measurement_Point_Round-SMD-Pad_Small,,
TP9,SCL,Measurement_Points:Measurement_Point_Round-SMD-Pad_Small,,
TP8,SDA,Measurement_Points:Measurement_Point_Round-SMD-Pad_Small,,
SW1,Side Tactile Sw,Switches_Custom:PTS840_PK_alt_2pin,,
SW2,Side Tactile Sw,Switches_Custom:PTS840_PK_alt_2pin,,
SW3,Side Tactile Sw,Switches_Custom:PTS840_PK_alt_2pin,,
TP3,TDI,Measurement_Points:Measurement_Point_Round-SMD-Pad_Small,,
TP4,TDO,Measurement_Points:Measurement_Point_Round-SMD-Pad_Small,,
TP5,TMS,Measurement_Points:Measurement_Point_Round-SMD-Pad_Small,,
TP15,TRST,Measurement_Points:Measurement_Point_Round-SMD-Pad_Small,,
P2,USB_micro_B,open-project:MICRO-B_USB,,
U2,W25Q128FV,SparkFun-Sensors:SO08WIDE,,
