"Id";"Designator";"Package";"Quantity";"Designation";"Supplier and ref";
1;"U6";"MAX38309";1;"MAX98309";;;
2;"C1,C14";"C_0603";2;"2.2uF";;;
3;"C2,C3,C4,C5,C6,C7,C18,C22,C26,C27";"C_0603";10;"0.1uF";;;
4;"C8,C9,C10,C13,C15,C16";"C_0603";6;"10uF";;;
5;"C11,C12";"C_0603";2;"22uF";;;
6;"C17,C20,C25";"C_0603";3;"1uF";;;
7;"C19";"C_0603";1;"47nF";;;
8;"C21";"C_0603";1;"100pF";;;
9;"C23,C24";"C_0603";2;"12pF";;;
10;"C28";"C_0603";1;"2.2nF";;;
11;"D1";"LTST-S310";1;"LED_RGBA";;;
12;"D2";"LTST-S270";1;"RED";;;
13;"D3";"LTST-S270";1;"GREEN";;;
14;"L1";"C_0603";1;"10uH";;;
15;"L2";"C_0603";1;"15nH";;;
16;"P1";"TE_1-1775333-0_FPC_Socket_10pin";1;"FPC Connector";;;
17;"P2";"MICRO-B_USB";1;"USB_micro_B";;;
18;"Q1";"SOT-23";1;"P-MOS";;;
19;"Q2";"SOT-363";1;"MBT2222ADW";;;
20;"R1";"R_0603";1;"30k1";;;
21;"R2,R17";"R_0603";2;"10k";;;
22;"R3,R4";"R_0603";2;"4k7";;;
23;"R5,R8,R9,R28,R29,R30,R31,R32,R33,R34";"R_0603";10;"150R";;;
24;"R6,R7";"R_0603";2;"33R";;;
25;"R10,R20";"R_0603";2;"0R";;;
26;"R11";"R_0603";1;"2k0";;;
27;"R12,R14,R15,R18";"R_0603";4;"100k";;;
28;"R13";"R_0603";1;"1k";;;
29;"R16";"R_0603";1;"1M";;;
30;"R19";"R_0603";1;"12k";;;
31;"SW1,SW2,SW3";"PTS840_PK_alt_2pin";3;"Side Tactile Sw";;;
32;"TP1";"Measurement_Point_Round-SMD-Pad_Small";1;"RST";;;
33;"TP2";"Measurement_Point_Round-SMD-Pad_Small";1;"CLK";;;
34;"TP3";"Measurement_Point_Round-SMD-Pad_Small";1;"TDI";;;
35;"TP4";"Measurement_Point_Round-SMD-Pad_Small";1;"TDO";;;
36;"TP5";"Measurement_Point_Round-SMD-Pad_Small";1;"TMS";;;
37;"TP6";"Measurement_Point_Round-SMD-Pad_Small";1;"TX";;;
38;"TP7";"Measurement_Point_Round-SMD-Pad_Small";1;"RX";;;
39;"TP8";"Measurement_Point_Round-SMD-Pad_Small";1;"SDA";;;
40;"TP9";"Measurement_Point_Round-SMD-Pad_Small";1;"SCL";;;
41;"TP10";"Measurement_Point_Round-SMD-Pad_Small";1;"FLASH_CS";;;
42;"TP11";"Measurement_Point_Round-SMD-Pad_Small";1;"MOSI";;;
43;"TP12";"Measurement_Point_Round-SMD-Pad_Small";1;"MISO";;;
44;"TP13";"Measurement_Point_Round-SMD-Pad_Small";1;"SCK";;;
45;"TP14";"Measurement_Point_Round-SMD-Pad_Small";1;"BLE_CS";;;
46;"U1";"QFP50P1200X1200X160-64N";1;"MK20DX256VLH7";;;
47;"U2";"SO08WIDE";1;"W25Q128FV";;;
48;"U3";"SOT23-5";1;"MCP73831";;;
49;"U4";"XDFN4_1x1mm_for_NCP177";1;"NCP177";;;
50;"U5";"TDFN-8";1;"MAX5395LATA";;;
51;"U7";"MDBT40";1;"MDBT40";;;
52;"U8";"MPU-6050_QFN-24";1;"MPU-6050";;;
53;"U9,U10,U11,U12";"SOT-26";4;"DMN2215UDM";;;
54;"X1";"crystal_FA238-TSX3225";1;"16 MHz";;;
55;"X2";"ABS07AIG";1;"32.768kHz";;;
56;"BT1";"Pin_Header_Straight_1x02_Pitch2.00mm";1;"Lipo 1S 1Ah";;;
57;"REF**,REF**,REF**";"Fiducial_1mm_Dia_2.54mm_Outer_CopperTop";3;"Fiducial_1mm_Dia_2.54mm_Outer_CopperTop";;;
