<?xml version="1.0" encoding="UTF-8"?>
<export version="D">
  <design>
    <source>C:/Users/Tyler/OneDrive/Contracting/Swing Forge V2/Electronics/Mainboard/V1.1/Swing Forge V2 Mainboard.sch</source>
    <date>04/28/16 10:55:49</date>
    <tool>Eeschema 4.0.1-stable</tool>
    <sheet number="1" name="/" tstamps="/">
      <title_block>
        <title>Swing Forge</title>
        <company/>
        <rev>1.1</rev>
        <date>2016-04-27</date>
        <source>Swing Forge V2 Mainboard.sch</source>
        <comment number="1" value=""/>
        <comment number="2" value=""/>
        <comment number="3" value=""/>
        <comment number="4" value=""/>
      </title_block>
    </sheet>
    <sheet number="2" name="/Lipo_System/" tstamps="/56BC1D0A/">
      <title_block>
        <title>Swing Forge</title>
        <company/>
        <rev>1.1</rev>
        <date>2016-04-27</date>
        <source>Lipo_System.sch</source>
        <comment number="1" value=""/>
        <comment number="2" value=""/>
        <comment number="3" value=""/>
        <comment number="4" value=""/>
      </title_block>
    </sheet>
    <sheet number="3" name="/DAC_audio_system/" tstamps="/56BBF7C1/">
      <title_block>
        <title>Swing Forge</title>
        <company/>
        <rev>1.1</rev>
        <date>2016-04-27</date>
        <source>DAC_audio_system.sch</source>
        <comment number="1" value=""/>
        <comment number="2" value=""/>
        <comment number="3" value=""/>
        <comment number="4" value=""/>
      </title_block>
    </sheet>
    <sheet number="4" name="/MotionBoard/" tstamps="/5720FD98/">
      <title_block>
        <title>Swing Forge</title>
        <company/>
        <rev>1.1</rev>
        <date>2016-04-27</date>
        <source>MotionBoard.sch</source>
        <comment number="1" value=""/>
        <comment number="2" value=""/>
        <comment number="3" value=""/>
        <comment number="4" value=""/>
      </title_block>
    </sheet>
    <sheet number="5" name="/BLE/" tstamps="/57223B72/">
      <title_block>
        <title>Swing Forge</title>
        <company/>
        <rev>1.1</rev>
        <date>2016-04-28</date>
        <source>BLE.sch</source>
        <comment number="1" value=""/>
        <comment number="2" value=""/>
        <comment number="3" value=""/>
        <comment number="4" value=""/>
      </title_block>
    </sheet>
  </design>
  <components>
    <comp ref="U2">
      <value>Teensy_3.2</value>
      <footprint>Custom Teensy-3:TEENSY-renum-min</footprint>
      <libsource lib="Swing Forge V2 Mainboard-cache" part="Teensy_3.1"/>
      <sheetpath names="/" tstamps="/"/>
      <tstamp>56B8EAB6</tstamp>
    </comp>
    <comp ref="C2">
      <value>100nF</value>
      <footprint>Capacitors_SMD:C_0603</footprint>
      <libsource lib="device" part="C_Small"/>
      <sheetpath names="/" tstamps="/"/>
      <tstamp>56B8EE0F</tstamp>
    </comp>
    <comp ref="C1">
      <value>10uF</value>
      <footprint>Capacitors_SMD:C_0603</footprint>
      <libsource lib="device" part="C_Small"/>
      <sheetpath names="/" tstamps="/"/>
      <tstamp>56B8EF12</tstamp>
    </comp>
    <comp ref="U1">
      <value>W25Q128FV</value>
      <footprint>SMD_Packages:SOIC-8-N</footprint>
      <libsource lib="w25q128fv" part="W25Q128FV"/>
      <sheetpath names="/" tstamps="/"/>
      <tstamp>56B8FB64</tstamp>
    </comp>
    <comp ref="P4">
      <value>Right Side motor</value>
      <footprint>Pin_Headers:Pin_Header_Straight_1x02_Pitch2.00mm</footprint>
      <libsource lib="conn" part="CONN_01X02"/>
      <sheetpath names="/" tstamps="/"/>
      <tstamp>56B8FF39</tstamp>
    </comp>
    <comp ref="P3">
      <value>Left Side Motor</value>
      <footprint>Pin_Headers:Pin_Header_Straight_1x02_Pitch2.00mm</footprint>
      <libsource lib="conn" part="CONN_01X02"/>
      <sheetpath names="/" tstamps="/"/>
      <tstamp>56B90025</tstamp>
    </comp>
    <comp ref="R1">
      <value>30k1</value>
      <footprint>Resistors_SMD:R_0603</footprint>
      <libsource lib="device" part="R"/>
      <sheetpath names="/" tstamps="/"/>
      <tstamp>56BC6F47</tstamp>
    </comp>
    <comp ref="R2">
      <value>10k</value>
      <footprint>Resistors_SMD:R_0603</footprint>
      <libsource lib="device" part="R"/>
      <sheetpath names="/" tstamps="/"/>
      <tstamp>56BC6F4E</tstamp>
    </comp>
    <comp ref="SW1">
      <value>Mom_push_small</value>
      <footprint>FSM4JAH:FSM4JAH</footprint>
      <fields>
        <field name="manf#">FSM4JAH</field>
      </fields>
      <libsource lib="device" part="SW_PUSH"/>
      <sheetpath names="/" tstamps="/"/>
      <tstamp>56BCE41D</tstamp>
    </comp>
    <comp ref="P5">
      <value>Chest Motor</value>
      <footprint>Pin_Headers:Pin_Header_Straight_1x02_Pitch2.00mm</footprint>
      <libsource lib="conn" part="CONN_01X02"/>
      <sheetpath names="/" tstamps="/"/>
      <tstamp>56BD222A</tstamp>
    </comp>
    <comp ref="P2">
      <value>Shoulders and back</value>
      <footprint>Pin_Headers:Pin_Header_Straight_1x05_Pitch2.00mm</footprint>
      <libsource lib="conn" part="CONN_01X05"/>
      <sheetpath names="/" tstamps="/"/>
      <tstamp>56BD23AE</tstamp>
    </comp>
    <comp ref="R10">
      <value>R</value>
      <footprint>Resistors_SMD:R_0603</footprint>
      <libsource lib="device" part="R"/>
      <sheetpath names="/" tstamps="/"/>
      <tstamp>56BE382E</tstamp>
    </comp>
    <comp ref="R11">
      <value>R</value>
      <footprint>Resistors_SMD:R_0603</footprint>
      <libsource lib="device" part="R"/>
      <sheetpath names="/" tstamps="/"/>
      <tstamp>56BE39EB</tstamp>
    </comp>
    <comp ref="R12">
      <value>R</value>
      <footprint>Resistors_SMD:R_0603</footprint>
      <libsource lib="device" part="R"/>
      <sheetpath names="/" tstamps="/"/>
      <tstamp>56BE3A65</tstamp>
    </comp>
    <comp ref="U7">
      <value>DMN2215UDM</value>
      <footprint>Custom SOT:SOT-26</footprint>
      <libsource lib="dmn2215udm" part="DMN2215UDM"/>
      <sheetpath names="/" tstamps="/"/>
      <tstamp>56B8ED64</tstamp>
    </comp>
    <comp ref="U6">
      <value>DMN2215UDM</value>
      <footprint>Custom SOT:SOT-26</footprint>
      <libsource lib="dmn2215udm" part="DMN2215UDM"/>
      <sheetpath names="/" tstamps="/"/>
      <tstamp>56B8ED03</tstamp>
    </comp>
    <comp ref="U5">
      <value>DMN2215UDM</value>
      <footprint>Custom SOT:SOT-26</footprint>
      <libsource lib="dmn2215udm" part="DMN2215UDM"/>
      <sheetpath names="/" tstamps="/"/>
      <tstamp>56B8ECC2</tstamp>
    </comp>
    <comp ref="U4">
      <value>DMN2215UDM</value>
      <footprint>Custom SOT:SOT-26</footprint>
      <libsource lib="dmn2215udm" part="DMN2215UDM"/>
      <sheetpath names="/" tstamps="/"/>
      <tstamp>56B8EC39</tstamp>
    </comp>
    <comp ref="D1">
      <value>LTST-S310F2KT RGB</value>
      <footprint>LEDS_SMD_Custom:LTST-S310F2KT</footprint>
      <libsource lib="device" part="LED_RABG"/>
      <sheetpath names="/" tstamps="/"/>
      <tstamp>5714960E</tstamp>
    </comp>
    <comp ref="P1">
      <value>Flash_prog</value>
      <footprint>Pin_Headers:Pin_Header_Straight_2x03</footprint>
      <libsource lib="conn" part="CONN_01X06"/>
      <sheetpath names="/" tstamps="/"/>
      <tstamp>57215FD5</tstamp>
    </comp>
    <comp ref="SW2">
      <value>Mom_push_small</value>
      <footprint>FSM4JAH:FSM4JAH</footprint>
      <fields>
        <field name="manf#">FSM4JAH</field>
      </fields>
      <libsource lib="device" part="SW_PUSH"/>
      <sheetpath names="/" tstamps="/"/>
      <tstamp>57225C13</tstamp>
    </comp>
    <comp ref="U8">
      <value>MCP73831</value>
      <footprint>SparkFun-DigitalIC:SOT23-5</footprint>
      <libsource lib="Swing Forge V2 Mainboard-cache" part="MCP73831"/>
      <sheetpath names="/Lipo_System/" tstamps="/56BC1D0A/"/>
      <tstamp>56BC20A9</tstamp>
    </comp>
    <comp ref="C3">
      <value>10uF</value>
      <footprint>Capacitors_SMD:C_0603</footprint>
      <libsource lib="device" part="C_Small"/>
      <sheetpath names="/Lipo_System/" tstamps="/56BC1D0A/"/>
      <tstamp>56BC20B8</tstamp>
    </comp>
    <comp ref="D2">
      <value>RED</value>
      <footprint>LEDS_SMD_Custom:LEDS_SMD_2.1x0.6</footprint>
      <libsource lib="device" part="Led_Small"/>
      <sheetpath names="/Lipo_System/" tstamps="/56BC1D0A/"/>
      <tstamp>56BC20BF</tstamp>
    </comp>
    <comp ref="D3">
      <value>GREEN</value>
      <footprint>LEDS_SMD_Custom:LEDS_SMD_Kingbright_3x2</footprint>
      <libsource lib="device" part="Led_Small"/>
      <sheetpath names="/Lipo_System/" tstamps="/56BC1D0A/"/>
      <tstamp>56BC20C6</tstamp>
    </comp>
    <comp ref="R13">
      <value>200R</value>
      <footprint>Resistors_SMD:R_0603</footprint>
      <libsource lib="device" part="R_Small"/>
      <sheetpath names="/Lipo_System/" tstamps="/56BC1D0A/"/>
      <tstamp>56BC20DF</tstamp>
    </comp>
    <comp ref="R14">
      <value>200R</value>
      <footprint>Resistors_SMD:R_0603</footprint>
      <libsource lib="device" part="R_Small"/>
      <sheetpath names="/Lipo_System/" tstamps="/56BC1D0A/"/>
      <tstamp>56BC20E6</tstamp>
    </comp>
    <comp ref="R15">
      <value>2k0</value>
      <footprint>Resistors_SMD:R_0603</footprint>
      <libsource lib="device" part="R_Small"/>
      <sheetpath names="/Lipo_System/" tstamps="/56BC1D0A/"/>
      <tstamp>56BC20F3</tstamp>
    </comp>
    <comp ref="C4">
      <value>10uF</value>
      <footprint>Capacitors_SMD:C_0603</footprint>
      <libsource lib="device" part="C_Small"/>
      <sheetpath names="/Lipo_System/" tstamps="/56BC1D0A/"/>
      <tstamp>56BC2100</tstamp>
    </comp>
    <comp ref="P6">
      <value>USB_micro_B</value>
      <footprint>Connect:USB_Micro-B</footprint>
      <libsource lib="conn" part="USB_OTG"/>
      <sheetpath names="/Lipo_System/" tstamps="/56BC1D0A/"/>
      <tstamp>56BC2114</tstamp>
    </comp>
    <comp ref="BT1">
      <value>Lipo 1S 2000mAh</value>
      <footprint>Pin_Headers:Pin_Header_Straight_1x02_Pitch2.00mm</footprint>
      <libsource lib="device" part="Battery"/>
      <sheetpath names="/Lipo_System/" tstamps="/56BC1D0A/"/>
      <tstamp>56BC2081</tstamp>
    </comp>
    <comp ref="Q2">
      <value>MBT2222ADW</value>
      <footprint>Custom SOT:SOT-363</footprint>
      <libsource lib="Swing Forge V2 Mainboard-rescue" part="MBT2222ADW-RESCUE-Swing_Forge_V2_Mainboard"/>
      <sheetpath names="/Lipo_System/" tstamps="/56BC1D0A/"/>
      <tstamp>5714DA16</tstamp>
    </comp>
    <comp ref="R18">
      <value>100k</value>
      <footprint>Resistors_SMD:R_0603</footprint>
      <libsource lib="device" part="R"/>
      <sheetpath names="/Lipo_System/" tstamps="/56BC1D0A/"/>
      <tstamp>5714E07B</tstamp>
    </comp>
    <comp ref="R16">
      <value>100k</value>
      <footprint>Resistors_SMD:R_0603</footprint>
      <libsource lib="device" part="R"/>
      <sheetpath names="/Lipo_System/" tstamps="/56BC1D0A/"/>
      <tstamp>571501CA</tstamp>
    </comp>
    <comp ref="R19">
      <value>100k</value>
      <footprint>Resistors_SMD:R_0603</footprint>
      <libsource lib="device" part="R"/>
      <sheetpath names="/Lipo_System/" tstamps="/56BC1D0A/"/>
      <tstamp>57150234</tstamp>
    </comp>
    <comp ref="R20">
      <value>1M</value>
      <footprint>Resistors_SMD:R_0603</footprint>
      <libsource lib="device" part="R"/>
      <sheetpath names="/Lipo_System/" tstamps="/56BC1D0A/"/>
      <tstamp>57150293</tstamp>
    </comp>
    <comp ref="C5">
      <value>22uF</value>
      <footprint>Capacitors_SMD:C_0603</footprint>
      <libsource lib="device" part="C_Small"/>
      <sheetpath names="/Lipo_System/" tstamps="/56BC1D0A/"/>
      <tstamp>57150EAD</tstamp>
    </comp>
    <comp ref="SW3">
      <value>FSM4JAH</value>
      <footprint>FSM4JAH:FSM4JAH</footprint>
      <libsource lib="small_push_sw" part="SMALL_PUSH_SW"/>
      <sheetpath names="/Lipo_System/" tstamps="/56BC1D0A/"/>
      <tstamp>57151BBF</tstamp>
    </comp>
    <comp ref="R17">
      <value>100k</value>
      <footprint>Resistors_SMD:R_0603</footprint>
      <libsource lib="device" part="R"/>
      <sheetpath names="/Lipo_System/" tstamps="/56BC1D0A/"/>
      <tstamp>57155B60</tstamp>
    </comp>
    <comp ref="Q1">
      <value>DMG3415U</value>
      <footprint>TO_SOT_Packages_SMD:SOT-23</footprint>
      <libsource lib="device" part="Q_PMOS_GSD"/>
      <sheetpath names="/Lipo_System/" tstamps="/56BC1D0A/"/>
      <tstamp>5721D785</tstamp>
    </comp>
    <comp ref="R21">
      <value>1K</value>
      <footprint>Resistors_SMD:R_0603</footprint>
      <libsource lib="device" part="R"/>
      <sheetpath names="/DAC_audio_system/" tstamps="/56BBF7C1/"/>
      <tstamp>56BCAD84</tstamp>
    </comp>
    <comp ref="P7">
      <value>Speaker_Conn</value>
      <footprint>Pin_Headers:Pin_Header_Straight_1x02_Pitch2.00mm</footprint>
      <libsource lib="conn" part="CONN_01X02"/>
      <sheetpath names="/DAC_audio_system/" tstamps="/56BBF7C1/"/>
      <tstamp>56BCADD5</tstamp>
    </comp>
    <comp ref="C12">
      <value>1.0uF</value>
      <footprint>Capacitors_SMD:C_0603</footprint>
      <libsource lib="device" part="C"/>
      <sheetpath names="/DAC_audio_system/" tstamps="/56BBF7C1/"/>
      <tstamp>56BCB69F</tstamp>
    </comp>
    <comp ref="R22">
      <value>4k7</value>
      <footprint>Resistors_SMD:R_0603</footprint>
      <libsource lib="device" part="R"/>
      <sheetpath names="/DAC_audio_system/" tstamps="/56BBF7C1/"/>
      <tstamp>56BCB7BF</tstamp>
    </comp>
    <comp ref="C8">
      <value>22uF</value>
      <footprint>Capacitors_SMD:C_0603</footprint>
      <libsource lib="device" part="C_Small"/>
      <sheetpath names="/DAC_audio_system/" tstamps="/56BBF7C1/"/>
      <tstamp>5714A5A3</tstamp>
    </comp>
    <comp ref="C9">
      <value>22uF</value>
      <footprint>Capacitors_SMD:C_0603</footprint>
      <libsource lib="device" part="C_Small"/>
      <sheetpath names="/DAC_audio_system/" tstamps="/56BBF7C1/"/>
      <tstamp>5714A5FE</tstamp>
    </comp>
    <comp ref="Q3">
      <value>MBT2222ADW</value>
      <footprint>Custom SOT:SOT-363</footprint>
      <libsource lib="Swing Forge V2 Mainboard-rescue" part="MBT2222ADW-RESCUE-Swing_Forge_V2_Mainboard"/>
      <sheetpath names="/DAC_audio_system/" tstamps="/56BBF7C1/"/>
      <tstamp>5714B9C2</tstamp>
    </comp>
    <comp ref="C11">
      <value>10uF</value>
      <footprint>Capacitors_SMD:C_0603</footprint>
      <libsource lib="device" part="C_Small"/>
      <sheetpath names="/DAC_audio_system/" tstamps="/56BBF7C1/"/>
      <tstamp>5714BE37</tstamp>
    </comp>
    <comp ref="C10">
      <value>22uF</value>
      <footprint>Capacitors_SMD:C_0603</footprint>
      <libsource lib="device" part="C_Small"/>
      <sheetpath names="/DAC_audio_system/" tstamps="/56BBF7C1/"/>
      <tstamp>5714BEA8</tstamp>
    </comp>
    <comp ref="C7">
      <value>100nF</value>
      <footprint>Capacitors_SMD:C_0603</footprint>
      <libsource lib="device" part="C_Small"/>
      <sheetpath names="/DAC_audio_system/" tstamps="/56BBF7C1/"/>
      <tstamp>57214EA6</tstamp>
    </comp>
    <comp ref="C6">
      <value>200nF</value>
      <footprint>Capacitors_SMD:C_0603</footprint>
      <libsource lib="device" part="C_Small"/>
      <sheetpath names="/DAC_audio_system/" tstamps="/56BBF7C1/"/>
      <tstamp>57214FBA</tstamp>
    </comp>
    <comp ref="P9">
      <value>IMU_IN</value>
      <footprint>Pin_Headers:Pin_Header_Straight_1x05_Pitch2.00mm</footprint>
      <libsource lib="conn" part="CONN_01X05"/>
      <sheetpath names="/MotionBoard/" tstamps="/5720FD98/"/>
      <tstamp>5720FF8A</tstamp>
    </comp>
    <comp ref="P8">
      <value>IMU_OUT</value>
      <footprint>Pin_Headers:Pin_Header_Straight_1x05_Pitch2.00mm</footprint>
      <libsource lib="conn" part="CONN_01X05"/>
      <sheetpath names="/MotionBoard/" tstamps="/5720FD98/"/>
      <tstamp>57210029</tstamp>
    </comp>
    <comp ref="U9">
      <value>MPU-6050</value>
      <footprint>SparkFun-DigitalIC:QFN-24</footprint>
      <libsource lib="mpu-6050" part="MPU-6050"/>
      <sheetpath names="/MotionBoard/" tstamps="/5720FD98/"/>
      <tstamp>57210057</tstamp>
    </comp>
    <comp ref="R23">
      <value>5k1</value>
      <footprint>Resistors_SMD:R_0603</footprint>
      <libsource lib="device" part="R"/>
      <sheetpath names="/MotionBoard/" tstamps="/5720FD98/"/>
      <tstamp>5721017B</tstamp>
    </comp>
    <comp ref="R24">
      <value>5k1</value>
      <footprint>Resistors_SMD:R_0603</footprint>
      <libsource lib="device" part="R"/>
      <sheetpath names="/MotionBoard/" tstamps="/5720FD98/"/>
      <tstamp>572101C8</tstamp>
    </comp>
    <comp ref="C13">
      <value>100nF</value>
      <footprint>Capacitors_SMD:C_0603</footprint>
      <libsource lib="device" part="C"/>
      <sheetpath names="/MotionBoard/" tstamps="/5720FD98/"/>
      <tstamp>5721028B</tstamp>
    </comp>
    <comp ref="C14">
      <value>10nF</value>
      <footprint>Capacitors_SMD:C_0603</footprint>
      <libsource lib="device" part="C"/>
      <sheetpath names="/MotionBoard/" tstamps="/5720FD98/"/>
      <tstamp>572102E5</tstamp>
    </comp>
    <comp ref="C16">
      <value>2.2nF</value>
      <footprint>Capacitors_SMD:C_0603</footprint>
      <libsource lib="device" part="C"/>
      <sheetpath names="/MotionBoard/" tstamps="/5720FD98/"/>
      <tstamp>5721050E</tstamp>
    </comp>
    <comp ref="C15">
      <value>100nF</value>
      <footprint>Capacitors_SMD:C_0603</footprint>
      <libsource lib="device" part="C"/>
      <sheetpath names="/MotionBoard/" tstamps="/5720FD98/"/>
      <tstamp>5721054E</tstamp>
    </comp>
    <comp ref="U3">
      <value>RedBear_BLE_Nano</value>
      <footprint>Pin_Headers:Pin_Header_Straight_1x06</footprint>
      <libsource lib="redbear_ble" part="RedBear_BLE_Nano_Simplified"/>
      <sheetpath names="/BLE/" tstamps="/57223B72/"/>
      <tstamp>5722424B</tstamp>
    </comp>
    <comp ref="U10">
      <value>MDBT40</value>
      <footprint>MDBT40:MDBT40</footprint>
      <libsource lib="mdbt40" part="MDBT40"/>
      <sheetpath names="/BLE/" tstamps="/57223B72/"/>
      <tstamp>57224CE2</tstamp>
    </comp>
    <comp ref="Y1">
      <value>32.768kHz CL=9pF</value>
      <footprint>Custom Crystal:ABS07AIG</footprint>
      <libsource lib="device" part="Crystal_Small"/>
      <sheetpath names="/BLE/" tstamps="/57223B72/"/>
      <tstamp>57224DAF</tstamp>
    </comp>
    <comp ref="L1">
      <value>100uH</value>
      <footprint>Capacitors_SMD:C_0805</footprint>
      <libsource lib="device" part="INDUCTOR_SMALL"/>
      <sheetpath names="/BLE/" tstamps="/57223B72/"/>
      <tstamp>57225046</tstamp>
    </comp>
    <comp ref="L2">
      <value>15nH</value>
      <footprint>Capacitors_SMD:C_0603</footprint>
      <libsource lib="device" part="INDUCTOR_SMALL"/>
      <sheetpath names="/BLE/" tstamps="/57223B72/"/>
      <tstamp>572251D8</tstamp>
    </comp>
    <comp ref="C17">
      <value>47nF</value>
      <footprint>Capacitors_SMD:C_0603</footprint>
      <libsource lib="device" part="C_Small"/>
      <sheetpath names="/BLE/" tstamps="/57223B72/"/>
      <tstamp>57225262</tstamp>
    </comp>
    <comp ref="R3">
      <value>12k optional</value>
      <footprint>Resistors_SMD:R_0603</footprint>
      <libsource lib="device" part="R"/>
      <sheetpath names="/BLE/" tstamps="/57223B72/"/>
      <tstamp>572253E6</tstamp>
    </comp>
    <comp ref="C20">
      <value>1uF</value>
      <footprint>Capacitors_SMD:C_0603</footprint>
      <libsource lib="device" part="C_Small"/>
      <sheetpath names="/BLE/" tstamps="/57223B72/"/>
      <tstamp>57225D47</tstamp>
    </comp>
    <comp ref="C21">
      <value>100pF</value>
      <footprint>Capacitors_SMD:C_0603</footprint>
      <libsource lib="device" part="C_Small"/>
      <sheetpath names="/BLE/" tstamps="/57223B72/"/>
      <tstamp>57225E95</tstamp>
    </comp>
    <comp ref="R4">
      <value>0R</value>
      <footprint>Resistors_SMD:R_0603</footprint>
      <libsource lib="device" part="R_Small"/>
      <sheetpath names="/BLE/" tstamps="/57223B72/"/>
      <tstamp>572260A6</tstamp>
    </comp>
    <comp ref="C22">
      <value>100nF</value>
      <footprint>Capacitors_SMD:C_0603</footprint>
      <libsource lib="device" part="C_Small"/>
      <sheetpath names="/BLE/" tstamps="/57223B72/"/>
      <tstamp>572264C0</tstamp>
    </comp>
    <comp ref="C18">
      <value>12pF</value>
      <footprint>Capacitors_SMD:C_0603</footprint>
      <libsource lib="device" part="C_Small"/>
      <sheetpath names="/BLE/" tstamps="/57223B72/"/>
      <tstamp>57227810</tstamp>
    </comp>
    <comp ref="C19">
      <value>12pF</value>
      <footprint>Capacitors_SMD:C_0603</footprint>
      <libsource lib="device" part="C_Small"/>
      <sheetpath names="/BLE/" tstamps="/57223B72/"/>
      <tstamp>57227982</tstamp>
    </comp>
  </components>
  <libparts>
    <libpart lib="device" part="Battery">
      <fields>
        <field name="Reference">BT</field>
        <field name="Value">Battery</field>
      </fields>
      <pins>
        <pin num="1" name="~" type="passive"/>
        <pin num="2" name="~" type="passive"/>
      </pins>
    </libpart>
    <libpart lib="device" part="C">
      <description>Unpolarized capacitor</description>
      <footprints>
        <fp>C?</fp>
        <fp>C_????_*</fp>
        <fp>C_????</fp>
        <fp>SMD*_c</fp>
        <fp>Capacitor*</fp>
      </footprints>
      <fields>
        <field name="Reference">C</field>
        <field name="Value">C</field>
      </fields>
      <pins>
        <pin num="1" name="~" type="passive"/>
        <pin num="2" name="~" type="passive"/>
      </pins>
    </libpart>
    <libpart lib="conn" part="CONN_01X02">
      <description>Connector 01x02</description>
      <footprints>
        <fp>Pin_Header_Straight_1X02</fp>
        <fp>Pin_Header_Angled_1X02</fp>
        <fp>Socket_Strip_Straight_1X02</fp>
        <fp>Socket_Strip_Angled_1X02</fp>
      </footprints>
      <fields>
        <field name="Reference">P</field>
        <field name="Value">CONN_01X02</field>
      </fields>
      <pins>
        <pin num="1" name="P1" type="passive"/>
        <pin num="2" name="P2" type="passive"/>
      </pins>
    </libpart>
    <libpart lib="conn" part="CONN_01X05">
      <description>Connector 01x05</description>
      <footprints>
        <fp>Pin_Header_Straight_1X05</fp>
        <fp>Pin_Header_Angled_1X05</fp>
        <fp>Socket_Strip_Straight_1X05</fp>
        <fp>Socket_Strip_Angled_1X05</fp>
      </footprints>
      <fields>
        <field name="Reference">P</field>
        <field name="Value">CONN_01X05</field>
      </fields>
      <pins>
        <pin num="1" name="P1" type="passive"/>
        <pin num="2" name="P2" type="passive"/>
        <pin num="3" name="P3" type="passive"/>
        <pin num="4" name="P4" type="passive"/>
        <pin num="5" name="P5" type="passive"/>
      </pins>
    </libpart>
    <libpart lib="conn" part="CONN_01X06">
      <description>Connector 01x06</description>
      <footprints>
        <fp>Pin_Header_Straight_1X06</fp>
        <fp>Pin_Header_Angled_1X06</fp>
        <fp>Socket_Strip_Straight_1X06</fp>
        <fp>Socket_Strip_Angled_1X06</fp>
      </footprints>
      <fields>
        <field name="Reference">P</field>
        <field name="Value">CONN_01X06</field>
      </fields>
      <pins>
        <pin num="1" name="P1" type="passive"/>
        <pin num="2" name="P2" type="passive"/>
        <pin num="3" name="P3" type="passive"/>
        <pin num="4" name="P4" type="passive"/>
        <pin num="5" name="P5" type="passive"/>
        <pin num="6" name="P6" type="passive"/>
      </pins>
    </libpart>
    <libpart lib="device" part="C_Small">
      <description>Unpolarized capacitor</description>
      <footprints>
        <fp>C?</fp>
        <fp>C_????_*</fp>
        <fp>C_????</fp>
        <fp>SMD*_c</fp>
        <fp>Capacitor*</fp>
      </footprints>
      <fields>
        <field name="Reference">C</field>
        <field name="Value">C_Small</field>
      </fields>
      <pins>
        <pin num="1" name="~" type="passive"/>
        <pin num="2" name="~" type="passive"/>
      </pins>
    </libpart>
    <libpart lib="device" part="Crystal_Small">
      <description>Two pin crystal</description>
      <footprints>
        <fp>Crystal_</fp>
      </footprints>
      <fields>
        <field name="Reference">Y</field>
        <field name="Value">Crystal_Small</field>
      </fields>
      <pins>
        <pin num="1" name="1" type="passive"/>
        <pin num="2" name="2" type="passive"/>
      </pins>
    </libpart>
    <libpart lib="dmn2215udm" part="DMN2215UDM">
      <fields>
        <field name="Reference">U</field>
        <field name="Value">DMN2215UDM</field>
      </fields>
      <pins>
        <pin num="1" name="G1" type="input"/>
        <pin num="2" name="S2" type="power_in"/>
        <pin num="3" name="G2" type="input"/>
        <pin num="4" name="D2" type="input"/>
        <pin num="5" name="S1" type="power_in"/>
        <pin num="6" name="D1" type="input"/>
      </pins>
    </libpart>
    <libpart lib="device" part="INDUCTOR_SMALL">
      <fields>
        <field name="Reference">L</field>
        <field name="Value">INDUCTOR_SMALL</field>
      </fields>
      <pins>
        <pin num="1" name="1" type="input"/>
        <pin num="2" name="2" type="input"/>
      </pins>
    </libpart>
    <libpart lib="device" part="LED_RABG">
      <description>Common Anode RGB LED</description>
      <fields>
        <field name="Reference">D</field>
        <field name="Value">LED_RABG</field>
      </fields>
      <pins>
        <pin num="1" name="RED_CATHODE" type="passive"/>
        <pin num="2" name="COMMON_ANODE" type="passive"/>
        <pin num="3" name="BLUE_CATHODE" type="passive"/>
        <pin num="4" name="GREEN_CATHODE" type="passive"/>
      </pins>
    </libpart>
    <libpart lib="device" part="Led_Small">
      <description>Led</description>
      <footprints>
        <fp>CP*</fp>
        <fp>SM*</fp>
      </footprints>
      <fields>
        <field name="Reference">D</field>
        <field name="Value">Led_Small</field>
      </fields>
      <pins>
        <pin num="1" name="K" type="passive"/>
        <pin num="2" name="A" type="passive"/>
      </pins>
    </libpart>
    <libpart lib="Swing Forge V2 Mainboard-rescue" part="MBT2222ADW-RESCUE-Swing_Forge_V2_Mainboard">
      <footprints>
        <fp>sot363*</fp>
      </footprints>
      <fields>
        <field name="Reference">Q</field>
        <field name="Value">MBT2222ADW-RESCUE-Swing_Forge_V2_Mainboard</field>
      </fields>
      <pins>
        <pin num="1" name="E" type="passive"/>
        <pin num="2" name="B" type="input"/>
        <pin num="3" name="C" type="passive"/>
        <pin num="4" name="E" type="passive"/>
        <pin num="5" name="B" type="input"/>
        <pin num="6" name="C" type="passive"/>
      </pins>
    </libpart>
    <libpart lib="Swing Forge V2 Mainboard-cache" part="MCP73831">
      <footprints>
        <fp>SOT23-5</fp>
      </footprints>
      <fields>
        <field name="Reference">U</field>
        <field name="Value">MCP73831</field>
      </fields>
      <pins>
        <pin num="1" name="STAT" type="input"/>
        <pin num="2" name="VSS" type="input"/>
        <pin num="3" name="VBAT" type="input"/>
        <pin num="4" name="VDD" type="input"/>
        <pin num="5" name="PROG" type="input"/>
      </pins>
    </libpart>
    <libpart lib="mdbt40" part="MDBT40">
      <fields>
        <field name="Reference">U</field>
        <field name="Value">MDBT40</field>
      </fields>
      <pins>
        <pin num="1" name="GND" type="power_in"/>
        <pin num="2" name="GND" type="power_in"/>
        <pin num="3" name="AVDD" type="power_in"/>
        <pin num="4" name="P0.21" type="BiDi"/>
        <pin num="5" name="P0.22" type="BiDi"/>
        <pin num="6" name="P0.23" type="BiDi"/>
        <pin num="7" name="P0.24" type="BiDi"/>
        <pin num="8" name="P0.25" type="BiDi"/>
        <pin num="9" name="P0.26/AIN0/XL2" type="BiDi"/>
        <pin num="10" name="P0.27/AIN1/XL1" type="BiDi"/>
        <pin num="11" name="P0.28" type="BiDi"/>
        <pin num="12" name="P0.29" type="BiDi"/>
        <pin num="13" name="GND" type="power_in"/>
        <pin num="14" name="VDD" type="power_in"/>
        <pin num="15" name="DCC" type="BiDi"/>
        <pin num="16" name="P0.30" type="BiDi"/>
        <pin num="17" name="P0.00/AREF0" type="BiDi"/>
        <pin num="18" name="P0.01/AIN2" type="BiDi"/>
        <pin num="19" name="P0.02/AIN3" type="BiDi"/>
        <pin num="20" name="P0.03/AIN4" type="BiDi"/>
        <pin num="21" name="P0.04/AIN5" type="BiDi"/>
        <pin num="22" name="P0.05/AIN6" type="BiDi"/>
        <pin num="23" name="P0.06/AIN7/AREF1" type="BiDi"/>
        <pin num="24" name="P0.07" type="BiDi"/>
        <pin num="25" name="GND" type="power_in"/>
        <pin num="26" name="P0.08" type="BiDi"/>
        <pin num="27" name="P0.09" type="BiDi"/>
        <pin num="28" name="P0.10" type="BiDi"/>
        <pin num="29" name="P0.11" type="BiDi"/>
        <pin num="30" name="P0.12" type="BiDi"/>
        <pin num="31" name="P0.13" type="BiDi"/>
        <pin num="32" name="P0.14" type="BiDi"/>
        <pin num="33" name="P0.15" type="BiDi"/>
        <pin num="34" name="P0.16" type="BiDi"/>
        <pin num="35" name="SWDIO/RESET" type="BiDi"/>
        <pin num="36" name="SWDCLK" type="input"/>
        <pin num="37" name="P0.17" type="BiDi"/>
        <pin num="38" name="P0.18" type="BiDi"/>
        <pin num="39" name="P0.19" type="BiDi"/>
        <pin num="40" name="P0.20" type="BiDi"/>
        <pin num="41" name="DEC2" type="BiDi"/>
        <pin num="42" name="GND" type="power_in"/>
      </pins>
    </libpart>
    <libpart lib="mpu-6050" part="MPU-6050">
      <fields>
        <field name="Reference">U</field>
        <field name="Value">MPU-6050</field>
      </fields>
      <pins>
        <pin num="1" name="CLKIN" type="input"/>
        <pin num="2" name="NC" type="NotConnected"/>
        <pin num="3" name="NC" type="NotConnected"/>
        <pin num="4" name="NC" type="NotConnected"/>
        <pin num="5" name="NC" type="NotConnected"/>
        <pin num="6" name="AUX_DA" type="BiDi"/>
        <pin num="7" name="AUX_CL" type="BiDi"/>
        <pin num="8" name="VLOGIC" type="power_in"/>
        <pin num="9" name="AD0" type="input"/>
        <pin num="10" name="REGOUT" type="output"/>
        <pin num="11" name="FSYNC" type="input"/>
        <pin num="12" name="INT" type="output"/>
        <pin num="13" name="VDD" type="power_in"/>
        <pin num="14" name="NC" type="NotConnected"/>
        <pin num="15" name="NC" type="NotConnected"/>
        <pin num="16" name="NC" type="NotConnected"/>
        <pin num="17" name="NC" type="NotConnected"/>
        <pin num="18" name="GND" type="power_in"/>
        <pin num="19" name="RESV" type="NotConnected"/>
        <pin num="20" name="CPOUT" type="output"/>
        <pin num="21" name="RESV" type="NotConnected"/>
        <pin num="22" name="RESV" type="NotConnected"/>
        <pin num="23" name="SCL" type="BiDi"/>
        <pin num="24" name="SDA" type="BiDi"/>
      </pins>
    </libpart>
    <libpart lib="device" part="Q_PMOS_GSD">
      <description>Transistor P-MOSFET (general)</description>
      <fields>
        <field name="Reference">Q</field>
        <field name="Value">Q_PMOS_GSD</field>
      </fields>
      <pins>
        <pin num="1" name="G" type="input"/>
        <pin num="2" name="S" type="passive"/>
        <pin num="3" name="D" type="passive"/>
      </pins>
    </libpart>
    <libpart lib="device" part="R">
      <description>Resistor</description>
      <footprints>
        <fp>R_*</fp>
        <fp>Resistor_*</fp>
      </footprints>
      <fields>
        <field name="Reference">R</field>
        <field name="Value">R</field>
      </fields>
      <pins>
        <pin num="1" name="~" type="passive"/>
        <pin num="2" name="~" type="passive"/>
      </pins>
    </libpart>
    <libpart lib="device" part="R_Small">
      <description>Resistor</description>
      <footprints>
        <fp>Resistor_*</fp>
        <fp>R_*</fp>
      </footprints>
      <fields>
        <field name="Reference">R</field>
        <field name="Value">R_Small</field>
      </fields>
      <pins>
        <pin num="1" name="~" type="passive"/>
        <pin num="2" name="~" type="passive"/>
      </pins>
    </libpart>
    <libpart lib="redbear_ble" part="RedBear_BLE_Nano_Simplified">
      <fields>
        <field name="Reference">U</field>
        <field name="Value">RedBear_BLE_Nano_Simplified</field>
      </fields>
      <pins>
        <pin num="1" name="VDD" type="power_in"/>
        <pin num="2" name="CS" type="input"/>
        <pin num="3" name="MOSI" type="input"/>
        <pin num="4" name="MISO" type="input"/>
        <pin num="5" name="SCK" type="input"/>
        <pin num="6" name="GND" type="power_in"/>
      </pins>
    </libpart>
    <libpart lib="small_push_sw" part="SMALL_PUSH_SW">
      <fields>
        <field name="Reference">SW</field>
        <field name="Value">SMALL_PUSH_SW</field>
      </fields>
      <pins>
        <pin num="~" name="~" type="passive"/>
      </pins>
    </libpart>
    <libpart lib="device" part="SW_PUSH">
      <description>Button</description>
      <fields>
        <field name="Reference">SW</field>
        <field name="Value">SW_PUSH</field>
      </fields>
      <pins>
        <pin num="1" name="1" type="passive"/>
        <pin num="2" name="2" type="passive"/>
      </pins>
    </libpart>
    <libpart lib="Swing Forge V2 Mainboard-cache" part="Teensy_3.1">
      <fields>
        <field name="Reference">U</field>
        <field name="Value">Teensy_3.1</field>
      </fields>
      <pins>
        <pin num="0" name="0(RX1)" type="BiDi"/>
        <pin num="1" name="1(TX1)" type="BiDi"/>
        <pin num="2" name="2" type="BiDi"/>
        <pin num="3" name="3(TX)" type="BiDi"/>
        <pin num="4" name="4(RX)" type="BiDi"/>
        <pin num="5" name="5" type="BiDi"/>
        <pin num="6" name="6" type="BiDi"/>
        <pin num="7" name="7(RX3)" type="BiDi"/>
        <pin num="8" name="8(TX3)" type="BiDi"/>
        <pin num="9" name="9(RX2)" type="BiDi"/>
        <pin num="10" name="10(CS)(TX2)" type="BiDi"/>
        <pin num="11" name="11(DOUT)" type="BiDi"/>
        <pin num="12" name="12(DIN)" type="BiDi"/>
        <pin num="13" name="13(LED)" type="BiDi"/>
        <pin num="14" name="14/A0" type="BiDi"/>
        <pin num="15" name="15/A1" type="BiDi"/>
        <pin num="16" name="16/A2" type="BiDi"/>
        <pin num="17" name="17/A3" type="BiDi"/>
        <pin num="18" name="18/A4" type="BiDi"/>
        <pin num="19" name="19/A5" type="BiDi"/>
        <pin num="20" name="20/A6" type="BiDi"/>
        <pin num="21" name="21/A7" type="BiDi"/>
        <pin num="22" name="22/A8" type="BiDi"/>
        <pin num="23" name="23/A9" type="BiDi"/>
        <pin num="24" name="3.3V" type="power_out"/>
        <pin num="25" name="AGND" type="power_in"/>
        <pin num="26" name="Vin" type="power_in"/>
        <pin num="27" name="GND" type="power_in"/>
        <pin num="28" name="A14" type="BiDi"/>
        <pin num="29" name="Prog" type="BiDi"/>
        <pin num="30" name="GND" type="power_in"/>
        <pin num="31" name="3.3V" type="power_in"/>
        <pin num="32" name="VBat" type="power_in"/>
      </pins>
    </libpart>
    <libpart lib="conn" part="USB_OTG">
      <description>micro/mini connector</description>
      <footprints>
        <fp>USB*</fp>
      </footprints>
      <fields>
        <field name="Reference">P</field>
        <field name="Value">USB_OTG</field>
      </fields>
      <pins>
        <pin num="1" name="VCC" type="power_out"/>
        <pin num="2" name="D-" type="passive"/>
        <pin num="3" name="D+" type="passive"/>
        <pin num="4" name="ID" type="power_in"/>
        <pin num="5" name="GND" type="power_in"/>
        <pin num="6" name="shield" type="passive"/>
      </pins>
    </libpart>
    <libpart lib="w25q128fv" part="W25Q128FV">
      <fields>
        <field name="Reference">U</field>
        <field name="Value">W25Q128FV</field>
      </fields>
      <pins>
        <pin num="1" name="/CS" type="input"/>
        <pin num="2" name="DO" type="output"/>
        <pin num="3" name="/WP" type="input"/>
        <pin num="4" name="GND" type="power_in"/>
        <pin num="5" name="DI" type="input"/>
        <pin num="6" name="CLK" type="input"/>
        <pin num="7" name="/HOLD" type="input"/>
        <pin num="8" name="VCC" type="power_in"/>
      </pins>
    </libpart>
  </libparts>
  <libraries>
    <library logical="Swing Forge V2 Mainboard-rescue">
      <uri>Swing Forge V2 Mainboard-rescue.lib</uri>
    </library>
    <library logical="device">
      <uri>C:\Program Files\KiCad\share\kicad\library\device.lib</uri>
    </library>
    <library logical="conn">
      <uri>C:\Program Files\KiCad\share\kicad\library\conn.lib</uri>
    </library>
    <library logical="dmn2215udm">
      <uri>C:\Users\Tyler\OneDrive\KiCad\dmn2215udm.lib</uri>
    </library>
    <library logical="mpu-6050">
      <uri>C:\Users\Tyler\OneDrive\KiCad\mpu-6050.lib</uri>
    </library>
    <library logical="small_push_sw">
      <uri>C:\Users\Tyler\OneDrive\KiCad\small_push_sw.lib</uri>
    </library>
    <library logical="mdbt40">
      <uri>C:\Users\Tyler\OneDrive\KiCad\mdbt40.lib</uri>
    </library>
    <library logical="w25q128fv">
      <uri>C:\Users\Tyler\OneDrive\KiCad\w25q128fv.lib</uri>
    </library>
    <library logical="Swing Forge V2 Mainboard-cache">
      <uri>C:\Users\Tyler\OneDrive\Contracting\Swing Forge V2\Electronics\Mainboard\V1.1\Swing Forge V2 Mainboard-cache.lib</uri>
    </library>
    <library logical="redbear_ble">
      <uri>C:\Users\Tyler\OneDrive\KiCad\redbear_ble.lib</uri>
    </library>
  </libraries>
  <nets>
    <net code="1" name="/DAC_audio_system/PWM_VOL_CTRL">
      <node ref="R22" pin="2"/>
      <node ref="U2" pin="20"/>
    </net>
    <net code="2" name="Net-(D1-Pad3)">
      <node ref="D1" pin="3"/>
      <node ref="R12" pin="1"/>
    </net>
    <net code="3" name="Net-(D1-Pad4)">
      <node ref="R11" pin="1"/>
      <node ref="D1" pin="4"/>
    </net>
    <net code="4" name="Net-(D1-Pad1)">
      <node ref="R10" pin="1"/>
      <node ref="D1" pin="1"/>
    </net>
    <net code="5" name="/LED_R">
      <node ref="U2" pin="0"/>
      <node ref="R10" pin="2"/>
    </net>
    <net code="6" name="/Lipo_System/PWR_CTRL">
      <node ref="U2" pin="1"/>
      <node ref="R17" pin="2"/>
    </net>
    <net code="7" name="/BATT_READ">
      <node ref="U2" pin="16"/>
      <node ref="R1" pin="2"/>
      <node ref="R2" pin="1"/>
    </net>
    <net code="8" name="/MotionBoard/SCL">
      <node ref="P9" pin="2"/>
      <node ref="U2" pin="19"/>
    </net>
    <net code="9" name="/MotionBoard/SDA">
      <node ref="U2" pin="18"/>
      <node ref="P9" pin="3"/>
    </net>
    <net code="10" name="/LED_B">
      <node ref="U2" pin="9"/>
      <node ref="R12" pin="2"/>
    </net>
    <net code="11" name="Net-(U7-Pad3)">
      <node ref="U7" pin="3"/>
    </net>
    <net code="12" name="Net-(U7-Pad4)">
      <node ref="U7" pin="4"/>
    </net>
    <net code="13" name="Net-(U2-Pad30)">
      <node ref="U2" pin="30"/>
    </net>
    <net code="14" name="Net-(U2-Pad25)">
      <node ref="U2" pin="25"/>
    </net>
    <net code="15" name="GND">
      <node ref="Q3" pin="4"/>
      <node ref="C4" pin="2"/>
      <node ref="C17" pin="2"/>
      <node ref="P6" pin="6"/>
      <node ref="U1" pin="4"/>
      <node ref="C1" pin="2"/>
      <node ref="C2" pin="2"/>
      <node ref="U2" pin="27"/>
      <node ref="C7" pin="2"/>
      <node ref="R2" pin="2"/>
      <node ref="C12" pin="2"/>
      <node ref="C8" pin="2"/>
      <node ref="SW1" pin="2"/>
      <node ref="R21" pin="2"/>
      <node ref="C9" pin="2"/>
      <node ref="C5" pin="2"/>
      <node ref="C18" pin="2"/>
      <node ref="C19" pin="2"/>
      <node ref="Q2" pin="4"/>
      <node ref="U7" pin="2"/>
      <node ref="P9" pin="5"/>
      <node ref="C22" pin="2"/>
      <node ref="C20" pin="2"/>
      <node ref="C21" pin="2"/>
      <node ref="R3" pin="2"/>
      <node ref="C3" pin="2"/>
      <node ref="U4" pin="5"/>
      <node ref="U3" pin="6"/>
      <node ref="U4" pin="2"/>
      <node ref="U8" pin="2"/>
      <node ref="U10" pin="1"/>
      <node ref="U5" pin="5"/>
      <node ref="U10" pin="2"/>
      <node ref="D3" pin="1"/>
      <node ref="U5" pin="2"/>
      <node ref="Q2" pin="1"/>
      <node ref="U6" pin="5"/>
      <node ref="BT1" pin="2"/>
      <node ref="U6" pin="2"/>
      <node ref="U7" pin="5"/>
      <node ref="R15" pin="1"/>
      <node ref="P6" pin="5"/>
      <node ref="P1" pin="6"/>
      <node ref="SW2" pin="1"/>
      <node ref="U10" pin="25"/>
      <node ref="U10" pin="13"/>
      <node ref="U10" pin="42"/>
    </net>
    <net code="16" name="/MotionBoard/MPU_INT">
      <node ref="P9" pin="4"/>
      <node ref="U2" pin="17"/>
    </net>
    <net code="17" name="/LED_G">
      <node ref="R11" pin="2"/>
      <node ref="U2" pin="10"/>
    </net>
    <net code="18" name="/DAC_audio_system/DAC_SIGNAL">
      <node ref="Q3" pin="2"/>
      <node ref="U2" pin="28"/>
      <node ref="C6" pin="2"/>
      <node ref="C7" pin="1"/>
    </net>
    <net code="19" name="/MOT_CHEST">
      <node ref="U2" pin="23"/>
      <node ref="U7" pin="1"/>
    </net>
    <net code="20" name="/VOL_DOWN">
      <node ref="U2" pin="14"/>
      <node ref="SW2" pin="2"/>
    </net>
    <net code="21" name="/VOL_UP">
      <node ref="U2" pin="15"/>
      <node ref="SW1" pin="1"/>
    </net>
    <net code="22" name="/PROG_CS">
      <node ref="U2" pin="2"/>
      <node ref="P1" pin="5"/>
    </net>
    <net code="23" name="/BLE/MISO">
      <node ref="U3" pin="4"/>
      <node ref="U2" pin="12"/>
      <node ref="P1" pin="3"/>
      <node ref="U10" pin="29"/>
      <node ref="U1" pin="2"/>
    </net>
    <net code="24" name="+3V3">
      <node ref="C1" pin="1"/>
      <node ref="Q3" pin="6"/>
      <node ref="U1" pin="3"/>
      <node ref="U1" pin="8"/>
      <node ref="C6" pin="1"/>
      <node ref="U1" pin="7"/>
      <node ref="U10" pin="14"/>
      <node ref="U3" pin="1"/>
      <node ref="D1" pin="2"/>
      <node ref="P9" pin="1"/>
      <node ref="P1" pin="1"/>
      <node ref="C2" pin="1"/>
      <node ref="C9" pin="1"/>
      <node ref="R4" pin="2"/>
      <node ref="U2" pin="24"/>
      <node ref="C8" pin="1"/>
    </net>
    <net code="25" name="/BLE/SCK">
      <node ref="U3" pin="5"/>
      <node ref="U10" pin="26"/>
      <node ref="P1" pin="4"/>
      <node ref="U1" pin="6"/>
      <node ref="U2" pin="13"/>
    </net>
    <net code="26" name="/BLE/MOSI">
      <node ref="U10" pin="27"/>
      <node ref="U2" pin="11"/>
      <node ref="P1" pin="2"/>
      <node ref="U3" pin="3"/>
      <node ref="U1" pin="5"/>
    </net>
    <net code="27" name="/BLE/BLE_CS">
      <node ref="U3" pin="2"/>
      <node ref="U2" pin="8"/>
      <node ref="U10" pin="28"/>
    </net>
    <net code="28" name="/MOT_RSHOULDER">
      <node ref="U2" pin="6"/>
      <node ref="U5" pin="3"/>
    </net>
    <net code="29" name="Net-(P2-Pad3)">
      <node ref="P2" pin="3"/>
      <node ref="U4" pin="4"/>
    </net>
    <net code="30" name="/MOT_UPBACK">
      <node ref="U2" pin="4"/>
      <node ref="U4" pin="3"/>
    </net>
    <net code="31" name="/MOT_LSHOULDER">
      <node ref="U2" pin="3"/>
      <node ref="U4" pin="1"/>
    </net>
    <net code="32" name="Net-(P2-Pad4)">
      <node ref="P2" pin="4"/>
      <node ref="U5" pin="6"/>
    </net>
    <net code="33" name="/MOT_LOWBACK">
      <node ref="U5" pin="1"/>
      <node ref="U2" pin="5"/>
    </net>
    <net code="34" name="/MOT_RSIDE">
      <node ref="U2" pin="22"/>
      <node ref="U6" pin="3"/>
    </net>
    <net code="35" name="/MOT_LSIDE">
      <node ref="U2" pin="21"/>
      <node ref="U6" pin="1"/>
    </net>
    <net code="36" name="Net-(U2-Pad29)">
      <node ref="U2" pin="29"/>
    </net>
    <net code="37" name="Net-(U2-Pad32)">
      <node ref="U2" pin="32"/>
    </net>
    <net code="38" name="Net-(U2-Pad31)">
      <node ref="U2" pin="31"/>
    </net>
    <net code="39" name="+BATT">
      <node ref="R18" pin="1"/>
      <node ref="R20" pin="1"/>
      <node ref="P5" pin="1"/>
      <node ref="P3" pin="1"/>
      <node ref="P2" pin="1"/>
      <node ref="P4" pin="1"/>
      <node ref="U2" pin="26"/>
      <node ref="R1" pin="1"/>
      <node ref="Q1" pin="2"/>
    </net>
    <net code="40" name="Net-(P3-Pad2)">
      <node ref="U6" pin="6"/>
      <node ref="P3" pin="2"/>
    </net>
    <net code="41" name="Net-(P4-Pad2)">
      <node ref="P4" pin="2"/>
      <node ref="U6" pin="4"/>
    </net>
    <net code="42" name="Net-(P5-Pad2)">
      <node ref="P5" pin="2"/>
      <node ref="U7" pin="6"/>
    </net>
    <net code="43" name="/FLASH_CS">
      <node ref="U1" pin="1"/>
      <node ref="U2" pin="7"/>
    </net>
    <net code="44" name="Net-(P2-Pad5)">
      <node ref="P2" pin="5"/>
      <node ref="U5" pin="4"/>
    </net>
    <net code="45" name="Net-(P2-Pad2)">
      <node ref="P2" pin="2"/>
      <node ref="U4" pin="6"/>
    </net>
    <net code="46" name="Net-(C12-Pad1)">
      <node ref="C12" pin="1"/>
      <node ref="R22" pin="1"/>
      <node ref="Q3" pin="5"/>
    </net>
    <net code="47" name="Net-(C10-Pad2)">
      <node ref="C11" pin="2"/>
      <node ref="P7" pin="1"/>
      <node ref="C10" pin="2"/>
    </net>
    <net code="48" name="Net-(P7-Pad2)">
      <node ref="P7" pin="2"/>
      <node ref="Q3" pin="3"/>
    </net>
    <net code="49" name="Net-(C10-Pad1)">
      <node ref="C11" pin="1"/>
      <node ref="C10" pin="1"/>
      <node ref="Q3" pin="1"/>
      <node ref="R21" pin="1"/>
    </net>
    <net code="50" name="Net-(C5-Pad1)">
      <node ref="R20" pin="2"/>
      <node ref="C5" pin="1"/>
      <node ref="Q2" pin="5"/>
    </net>
    <net code="51" name="Net-(Q2-Pad2)">
      <node ref="R18" pin="2"/>
      <node ref="Q2" pin="2"/>
      <node ref="R17" pin="1"/>
    </net>
    <net code="52" name="Net-(R15-Pad2)">
      <node ref="U8" pin="5"/>
      <node ref="R15" pin="2"/>
    </net>
    <net code="53" name="Net-(Q2-Pad3)">
      <node ref="SW3" pin="~"/>
      <node ref="R19" pin="2"/>
      <node ref="Q2" pin="3"/>
    </net>
    <net code="54" name="Net-(P6-Pad2)">
      <node ref="P6" pin="2"/>
    </net>
    <net code="55" name="Net-(P6-Pad3)">
      <node ref="P6" pin="3"/>
    </net>
    <net code="56" name="Net-(P6-Pad4)">
      <node ref="P6" pin="4"/>
    </net>
    <net code="57" name="/Lipo_System/BATT_POWER">
      <node ref="Q1" pin="3"/>
      <node ref="R16" pin="1"/>
      <node ref="U8" pin="3"/>
      <node ref="BT1" pin="1"/>
      <node ref="C4" pin="1"/>
      <node ref="R19" pin="1"/>
    </net>
    <net code="58" name="Net-(Q1-Pad1)">
      <node ref="Q2" pin="6"/>
      <node ref="Q1" pin="1"/>
      <node ref="R16" pin="2"/>
    </net>
    <net code="59" name="Net-(D2-Pad1)">
      <node ref="R13" pin="2"/>
      <node ref="D2" pin="1"/>
    </net>
    <net code="60" name="Net-(R13-Pad1)">
      <node ref="R13" pin="1"/>
      <node ref="U8" pin="1"/>
      <node ref="R14" pin="1"/>
    </net>
    <net code="61" name="Net-(D3-Pad2)">
      <node ref="R14" pin="2"/>
      <node ref="D3" pin="2"/>
    </net>
    <net code="62" name="Net-(C3-Pad1)">
      <node ref="D2" pin="2"/>
      <node ref="C3" pin="1"/>
      <node ref="P6" pin="1"/>
      <node ref="U8" pin="4"/>
    </net>
    <net code="63" name="Net-(P8-Pad3)">
      <node ref="U9" pin="24"/>
      <node ref="R24" pin="2"/>
      <node ref="P8" pin="3"/>
    </net>
    <net code="64" name="Net-(P8-Pad2)">
      <node ref="P8" pin="2"/>
      <node ref="R23" pin="2"/>
      <node ref="U9" pin="23"/>
    </net>
    <net code="65" name="Net-(C13-Pad2)">
      <node ref="U9" pin="8"/>
      <node ref="U9" pin="9"/>
      <node ref="P8" pin="1"/>
      <node ref="C14" pin="2"/>
      <node ref="C13" pin="2"/>
      <node ref="R24" pin="1"/>
      <node ref="R23" pin="1"/>
      <node ref="U9" pin="13"/>
    </net>
    <net code="66" name="Net-(P8-Pad4)">
      <node ref="U9" pin="12"/>
      <node ref="P8" pin="4"/>
    </net>
    <net code="67" name="Net-(C15-Pad2)">
      <node ref="U9" pin="10"/>
      <node ref="C15" pin="2"/>
    </net>
    <net code="68" name="Net-(C16-Pad2)">
      <node ref="U9" pin="20"/>
      <node ref="C16" pin="2"/>
    </net>
    <net code="69" name="Net-(C13-Pad1)">
      <node ref="C16" pin="1"/>
      <node ref="P8" pin="5"/>
      <node ref="C15" pin="1"/>
      <node ref="C14" pin="1"/>
      <node ref="C13" pin="1"/>
      <node ref="U9" pin="18"/>
    </net>
    <net code="70" name="Net-(U9-Pad7)">
      <node ref="U9" pin="7"/>
    </net>
    <net code="71" name="Net-(U9-Pad6)">
      <node ref="U9" pin="6"/>
    </net>
    <net code="72" name="Net-(U9-Pad5)">
      <node ref="U9" pin="5"/>
    </net>
    <net code="73" name="Net-(U9-Pad4)">
      <node ref="U9" pin="4"/>
    </net>
    <net code="74" name="Net-(U9-Pad3)">
      <node ref="U9" pin="3"/>
    </net>
    <net code="75" name="Net-(U9-Pad2)">
      <node ref="U9" pin="2"/>
    </net>
    <net code="76" name="Net-(U9-Pad1)">
      <node ref="U9" pin="1"/>
    </net>
    <net code="77" name="Net-(U9-Pad11)">
      <node ref="U9" pin="11"/>
    </net>
    <net code="78" name="Net-(U9-Pad19)">
      <node ref="U9" pin="19"/>
    </net>
    <net code="79" name="Net-(U9-Pad21)">
      <node ref="U9" pin="21"/>
    </net>
    <net code="80" name="Net-(U9-Pad22)">
      <node ref="U9" pin="22"/>
    </net>
    <net code="81" name="Net-(U9-Pad15)">
      <node ref="U9" pin="15"/>
    </net>
    <net code="82" name="Net-(U9-Pad16)">
      <node ref="U9" pin="16"/>
    </net>
    <net code="83" name="Net-(U9-Pad17)">
      <node ref="U9" pin="17"/>
    </net>
    <net code="84" name="Net-(U9-Pad14)">
      <node ref="U9" pin="14"/>
    </net>
    <net code="85" name="Net-(U10-Pad24)">
      <node ref="U10" pin="24"/>
    </net>
    <net code="86" name="Net-(U10-Pad23)">
      <node ref="U10" pin="23"/>
    </net>
    <net code="87" name="Net-(U10-Pad22)">
      <node ref="U10" pin="22"/>
    </net>
    <net code="88" name="Net-(U10-Pad21)">
      <node ref="U10" pin="21"/>
    </net>
    <net code="89" name="Net-(U10-Pad20)">
      <node ref="U10" pin="20"/>
    </net>
    <net code="90" name="Net-(U10-Pad19)">
      <node ref="U10" pin="19"/>
    </net>
    <net code="91" name="Net-(U10-Pad18)">
      <node ref="U10" pin="18"/>
    </net>
    <net code="92" name="Net-(U10-Pad17)">
      <node ref="U10" pin="17"/>
    </net>
    <net code="93" name="Net-(U10-Pad16)">
      <node ref="U10" pin="16"/>
    </net>
    <net code="94" name="Net-(L1-Pad2)">
      <node ref="L2" pin="1"/>
      <node ref="L1" pin="2"/>
    </net>
    <net code="95" name="Net-(L1-Pad1)">
      <node ref="L1" pin="1"/>
      <node ref="U10" pin="15"/>
    </net>
    <net code="96" name="Net-(U10-Pad4)">
      <node ref="U10" pin="4"/>
    </net>
    <net code="97" name="Net-(U10-Pad5)">
      <node ref="U10" pin="5"/>
    </net>
    <net code="98" name="Net-(U10-Pad6)">
      <node ref="U10" pin="6"/>
    </net>
    <net code="99" name="Net-(U10-Pad7)">
      <node ref="U10" pin="7"/>
    </net>
    <net code="100" name="/BLE/AVDD">
      <node ref="L2" pin="2"/>
      <node ref="C22" pin="1"/>
      <node ref="C21" pin="1"/>
      <node ref="C20" pin="1"/>
      <node ref="U10" pin="3"/>
      <node ref="R4" pin="1"/>
    </net>
    <net code="101" name="Net-(C18-Pad1)">
      <node ref="U10" pin="10"/>
      <node ref="Y1" pin="2"/>
      <node ref="C18" pin="1"/>
    </net>
    <net code="102" name="Net-(C19-Pad1)">
      <node ref="U10" pin="9"/>
      <node ref="Y1" pin="1"/>
      <node ref="C19" pin="1"/>
    </net>
    <net code="103" name="Net-(U10-Pad12)">
      <node ref="U10" pin="12"/>
    </net>
    <net code="104" name="Net-(U10-Pad11)">
      <node ref="U10" pin="11"/>
    </net>
    <net code="105" name="Net-(U10-Pad8)">
      <node ref="U10" pin="8"/>
    </net>
    <net code="106" name="Net-(U10-Pad31)">
      <node ref="U10" pin="31"/>
    </net>
    <net code="107" name="Net-(U10-Pad32)">
      <node ref="U10" pin="32"/>
    </net>
    <net code="108" name="Net-(U10-Pad33)">
      <node ref="U10" pin="33"/>
    </net>
    <net code="109" name="Net-(U10-Pad34)">
      <node ref="U10" pin="34"/>
    </net>
    <net code="110" name="Net-(U10-Pad35)">
      <node ref="U10" pin="35"/>
    </net>
    <net code="111" name="Net-(U10-Pad37)">
      <node ref="U10" pin="37"/>
    </net>
    <net code="112" name="Net-(U10-Pad38)">
      <node ref="U10" pin="38"/>
    </net>
    <net code="113" name="Net-(U10-Pad30)">
      <node ref="U10" pin="30"/>
    </net>
    <net code="114" name="Net-(U10-Pad40)">
      <node ref="U10" pin="40"/>
    </net>
    <net code="115" name="Net-(R3-Pad1)">
      <node ref="U10" pin="36"/>
      <node ref="R3" pin="1"/>
    </net>
    <net code="116" name="Net-(U10-Pad39)">
      <node ref="U10" pin="39"/>
    </net>
    <net code="117" name="Net-(C17-Pad1)">
      <node ref="U10" pin="41"/>
      <node ref="C17" pin="1"/>
    </net>
  </nets>
</export>
