Reference, Value, Footprint, Datasheet, manf#
U2,Teensy_3.2,Custom Teensy-3:TEENSY-renum-min,
C2,100nF,Capacitors_SMD:C_0603,
C1,10uF,Capacitors_SMD:C_0603,
U1,W25Q128FV,SMD_Packages:SOIC-8-N,
P4,Right Side motor,Pin_Headers:Pin_Header_Straight_1x02_Pitch2.00mm,
P3,Left Side Motor,Pin_Headers:Pin_Header_Straight_1x02_Pitch2.00mm,
R1,30k1,Resistors_SMD:R_0603,
R2,10k,Resistors_SMD:R_0603,
SW1,Mom_push_small,FSM4JAH:FSM4JAH,,FSM4JAH
P5,Chest Motor,Pin_Headers:Pin_Header_Straight_1x02_Pitch2.00mm,
P2,Shoulders and back,Pin_Headers:Pin_Header_Straight_1x05_Pitch2.00mm,
R10,R,Resistors_SMD:R_0603,
R11,R,Resistors_SMD:R_0603,
R12,R,Resistors_SMD:R_0603,
U7,DMN2215UDM,Custom SOT:SOT-26,
U6,DMN2215UDM,Custom SOT:SOT-26,
U5,DMN2215UDM,Custom SOT:SOT-26,
U4,DMN2215UDM,Custom SOT:SOT-26,
D1,LTST-S310F2KT RGB,LEDS_SMD_Custom:LTST-S310F2KT,
P1,Flash_prog,Pin_Headers:Pin_Header_Straight_2x03,
SW2,Mom_push_small,FSM4JAH:FSM4JAH,,FSM4JAH
U8,MCP73831,SparkFun-DigitalIC:SOT23-5,
C3,10uF,Capacitors_SMD:C_0603,
D2,RED,LEDS_SMD_Custom:LEDS_SMD_2.1x0.6,
D3,GREEN,LEDS_SMD_Custom:LEDS_SMD_Kingbright_3x2,
R13,200R,Resistors_SMD:R_0603,
R14,200R,Resistors_SMD:R_0603,
R15,2k0,Resistors_SMD:R_0603,
C4,10uF,Capacitors_SMD:C_0603,
P6,USB_micro_B,Connect:USB_Micro-B,
BT1,Lipo 1S 2000mAh,Pin_Headers:Pin_Header_Straight_1x02_Pitch2.00mm,
Q2,MBT2222ADW,Custom SOT:SOT-363,
R18,100k,Resistors_SMD:R_0603,
R16,100k,Resistors_SMD:R_0603,
R19,100k,Resistors_SMD:R_0603,
R20,1M,Resistors_SMD:R_0603,
C5,22uF,Capacitors_SMD:C_0603,
SW3,FSM4JAH,FSM4JAH:FSM4JAH,
R17,100k,Resistors_SMD:R_0603,
Q1,DMG3415U,TO_SOT_Packages_SMD:SOT-23,
R21,1K,Resistors_SMD:R_0603,
P7,Speaker_Conn,Pin_Headers:Pin_Header_Straight_1x02_Pitch2.00mm,
C12,1.0uF,Capacitors_SMD:C_0603,
R22,4k7,Resistors_SMD:R_0603,
C8,22uF,Capacitors_SMD:C_0603,
C9,22uF,Capacitors_SMD:C_0603,
Q3,MBT2222ADW,Custom SOT:SOT-363,
C11,10uF,Capacitors_SMD:C_0603,
C10,22uF,Capacitors_SMD:C_0603,
C7,100nF,Capacitors_SMD:C_0603,
C6,200nF,Capacitors_SMD:C_0603,
P9,IMU_IN,Pin_Headers:Pin_Header_Straight_1x05_Pitch2.00mm,
P8,IMU_OUT,Pin_Headers:Pin_Header_Straight_1x05_Pitch2.00mm,
U9,MPU-6050,SparkFun-DigitalIC:QFN-24,
R23,5k1,Resistors_SMD:R_0603,
R24,5k1,Resistors_SMD:R_0603,
C13,100nF,Capacitors_SMD:C_0603,
C14,10nF,Capacitors_SMD:C_0603,
C16,2.2nF,Capacitors_SMD:C_0603,
C15,100nF,Capacitors_SMD:C_0603,
U3,RedBear_BLE_Nano,Pin_Headers:Pin_Header_Straight_1x06,
U10,MDBT40,MDBT40:MDBT40,
Y1,32.768kHz CL=9pF,Custom Crystal:ABS07AIG,
L1,100uH,Capacitors_SMD:C_0805,
L2,15nH,Capacitors_SMD:C_0603,
C17,47nF,Capacitors_SMD:C_0603,
R3,12k optional,Resistors_SMD:R_0603,
C20,1uF,Capacitors_SMD:C_0603,
C21,100pF,Capacitors_SMD:C_0603,
R4,0R,Resistors_SMD:R_0603,
C22,100nF,Capacitors_SMD:C_0603,
C18,12pF,Capacitors_SMD:C_0603,
C19,12pF,Capacitors_SMD:C_0603,
